CustomerID,Recency,Frequency,Monetary,AverageOrderValue,Predicted_Status,Segment
12346.0,264,1,77183.6,77183.6,No Future Purchase,Moderate Customers
12347.0,68,5,2790.86,558.172,Future Purchase,High-Value Active Customers
12348.0,14,4,1797.24,449.31,Future Purchase,Moderate Customers
12350.0,249,1,334.4,334.4,No Future Purchase,At-Risk / Inactive Customers
12352.0,11,7,2194.31,313.47285714285715,Future Purchase,Moderate Customers
12353.0,143,1,89.0,89.0,No Future Purchase,At-Risk / Inactive Customers
12354.0,171,1,1079.4,1079.4,No Future Purchase,At-Risk / Inactive Customers
12355.0,153,1,459.4,459.4,No Future Purchase,At-Risk / Inactive Customers
12356.0,184,2,2753.08,1376.54,No Future Purchase,Moderate Customers
12358.0,89,1,484.86,484.86,No Future Purchase,Recent Low-Value Customers
12359.0,128,3,3495.73,1165.2433333333333,Future Purchase,Moderate Customers
12360.0,51,2,1618.28,809.14,No Future Purchase,Moderate Customers
12361.0,226,1,189.9,189.9,No Future Purchase,At-Risk / Inactive Customers
12362.0,11,5,2577.34,515.4680000000001,Future Purchase,High-Value Active Customers
12363.0,48,2,552.0,276.0,No Future Purchase,At-Risk / Inactive Customers
12364.0,17,2,703.72,351.86,No Future Purchase,Recent Low-Value Customers
12365.0,230,2,641.38,320.69,No Future Purchase,At-Risk / Inactive Customers
12370.0,213,3,2802.66,934.2199999999999,Future Purchase,Moderate Customers
12372.0,10,3,1298.04,432.68,Future Purchase,Moderate Customers
12373.0,250,1,364.6,364.6,No Future Purchase,At-Risk / Inactive Customers
12375.0,37,1,230.3,230.3,No Future Purchase,Recent Low-Value Customers
12377.0,254,2,1628.12,814.06,No Future Purchase,Moderate Customers
12378.0,68,1,4008.62,4008.62,No Future Purchase,Moderate Customers
12379.0,20,2,852.24,426.12,No Future Purchase,Moderate Customers
12380.0,17,2,1233.56,616.78,Future Purchase,Moderate Customers
12381.0,58,1,1268.74,1268.74,No Future Purchase,High-Value Active Customers
12383.0,123,5,1850.56,370.11199999999997,Future Purchase,Moderate Customers
12384.0,60,1,292.69,292.69,No Future Purchase,Recent Low-Value Customers
12386.0,276,2,401.9,200.95,No Future Purchase,At-Risk / Inactive Customers
12388.0,14,5,2494.26,498.85200000000003,Future Purchase,High-Value Active Customers
12390.0,18,1,549.84,549.84,No Future Purchase,At-Risk / Inactive Customers
12393.0,11,4,1582.6000000000001,395.65000000000003,Future Purchase,Moderate Customers
12394.0,2,2,1272.48,636.24,No Future Purchase,Moderate Customers
12395.0,5,9,2246.25,249.58333333333334,Future Purchase,High-Value Active Customers
12397.0,74,1,1214.81,1214.81,Future Purchase,Moderate Customers
12399.0,58,4,1108.65,277.1625,Future Purchase,Moderate Customers
12401.0,242,1,84.3,84.3,No Future Purchase,At-Risk / Inactive Customers
12402.0,262,1,225.6,225.6,No Future Purchase,At-Risk / Inactive Customers
12405.0,87,1,1710.39,1710.39,No Future Purchase,Moderate Customers
12406.0,122,1,1621.25,1621.25,Future Purchase,Moderate Customers
12407.0,73,4,1407.3600000000001,351.84000000000003,Future Purchase,Moderate Customers
12408.0,37,4,2134.0499999999997,533.5124999999999,Future Purchase,Moderate Customers
12409.0,17,3,11072.67,3690.89,Future Purchase,Moderate Customers
12410.0,247,2,693.3299999999999,346.66499999999996,No Future Purchase,At-Risk / Inactive Customers
12412.0,13,3,1226.88,408.96000000000004,Future Purchase,Moderate Customers
12413.0,5,3,758.1,252.70000000000002,Future Purchase,Moderate Customers
12414.0,156,3,562.41,187.47,Future Purchase,At-Risk / Inactive Customers
12415.0,4,17,118559.65,6974.097058823529,Future Purchase,High-Value Active Customers
12417.0,45,7,2816.52,402.36,Future Purchase,High-Value Active Customers
12418.0,51,1,668.58,668.58,No Future Purchase,At-Risk / Inactive Customers
12420.0,2,1,600.39,600.39,No Future Purchase,At-Risk / Inactive Customers
12421.0,53,3,628.56,209.51999999999998,Future Purchase,Recent Low-Value Customers
12422.0,34,3,803.5600000000001,267.85333333333335,Future Purchase,Moderate Customers
12423.0,39,7,1650.67,235.81,Future Purchase,High-Value Active Customers
12424.0,101,2,1760.96,880.48,No Future Purchase,Moderate Customers
12425.0,17,1,777.2,777.2,No Future Purchase,At-Risk / Inactive Customers
12426.0,133,1,582.73,582.73,No Future Purchase,At-Risk / Inactive Customers
12427.0,310,1,303.5,303.5,No Future Purchase,Recent Low-Value Customers
12428.0,59,8,7548.12,943.515,Future Purchase,High-Value Active Customers
12429.0,111,3,2844.88,948.2933333333334,Future Purchase,High-Value Active Customers
12431.0,3,13,5485.83,421.98692307692306,Future Purchase,High-Value Active Customers
12432.0,109,3,4016.66,1338.8866666666665,Future Purchase,Moderate Customers
12433.0,30,3,6395.23,2131.7433333333333,Future Purchase,High-Value Active Customers
12434.0,23,2,806.14,403.07,No Future Purchase,Moderate Customers
12435.0,18,2,7829.89,3914.945,No Future Purchase,Moderate Customers
12436.0,38,1,509.01,509.01,No Future Purchase,At-Risk / Inactive Customers
12437.0,17,12,3034.0099999999998,252.83416666666665,Future Purchase,High-Value Active Customers
12438.0,79,1,890.0699999999999,890.0699999999999,No Future Purchase,Moderate Customers
12441.0,305,1,173.55,173.55,No Future Purchase,At-Risk / Inactive Customers
12444.0,24,3,3189.81,1063.27,Future Purchase,High-Value Active Customers
12447.0,182,1,476.49,476.49,No Future Purchase,At-Risk / Inactive Customers
12449.0,30,3,2724.58,908.1933333333333,Future Purchase,Moderate Customers
12450.0,95,2,197.88,98.94,No Future Purchase,At-Risk / Inactive Customers
12451.0,4,3,7847.38,2615.7933333333335,Future Purchase,High-Value Active Customers
12453.0,73,1,707.09,707.09,No Future Purchase,At-Risk / Inactive Customers
12455.0,12,6,2466.86,411.1433333333334,Future Purchase,Moderate Customers
12456.0,70,2,2265.4,1132.7,No Future Purchase,Moderate Customers
12457.0,5,7,2363.23,337.6042857142857,Future Purchase,Moderate Customers
12458.0,10,2,947.4,473.7,No Future Purchase,Moderate Customers
12461.0,33,2,826.88,413.44,No Future Purchase,Moderate Customers
12462.0,242,1,762.11,762.11,No Future Purchase,Recent Low-Value Customers
12463.0,114,3,985.79,328.59666666666664,Future Purchase,Moderate Customers
12464.0,45,6,780.55,130.09166666666667,Future Purchase,High-Value Active Customers
12465.0,108,1,440.94,440.94,No Future Purchase,Recent Low-Value Customers
12468.0,126,2,729.5400000000001,364.77000000000004,No Future Purchase,At-Risk / Inactive Customers
12471.0,4,23,14130.14,614.3539130434782,Future Purchase,High-Value Active Customers
12472.0,77,5,4927.6,985.5200000000001,Future Purchase,High-Value Active Customers
12473.0,53,2,1175.75,587.875,Future Purchase,Moderate Customers
12474.0,37,13,4362.06,335.54307692307697,Future Purchase,High-Value Active Customers
12476.0,23,7,3725.27,532.1814285714286,Future Purchase,High-Value Active Customers
12477.0,2,4,9893.27,2473.3175,Future Purchase,High-Value Active Customers
12480.0,82,3,2144.95,714.9833333333332,Future Purchase,Moderate Customers
12481.0,4,9,5393.0199999999995,599.2244444444444,Future Purchase,High-Value Active Customers
12483.0,37,6,1624.06,270.6766666666667,Future Purchase,High-Value Active Customers
12484.0,39,4,3658.65,914.6625,Future Purchase,Moderate Customers
12488.0,14,1,553.39,553.39,No Future Purchase,Recent Low-Value Customers
12489.0,275,1,334.93,334.93,No Future Purchase,At-Risk / Inactive Customers
12490.0,32,6,3552.59,592.0983333333334,Future Purchase,High-Value Active Customers
12492.0,2,2,263.21000000000004,131.60500000000002,No Future Purchase,At-Risk / Inactive Customers
12493.0,104,2,433.74,216.87,No Future Purchase,At-Risk / Inactive Customers
12494.0,100,5,868.86,173.772,Future Purchase,Moderate Customers
12497.0,20,1,1043.1,1043.1,No Future Purchase,At-Risk / Inactive Customers
12500.0,3,7,1924.0900000000001,274.87,Future Purchase,High-Value Active Customers
12501.0,275,1,2169.39,2169.39,No Future Purchase,At-Risk / Inactive Customers
12502.0,34,5,3723.87,744.774,Future Purchase,Moderate Customers
12506.0,171,1,73.5,73.5,No Future Purchase,At-Risk / Inactive Customers
12507.0,73,3,1304.81,434.93666666666667,Future Purchase,Moderate Customers
12509.0,223,1,176.5,176.5,No Future Purchase,At-Risk / Inactive Customers
12510.0,81,2,982.5699999999999,491.28499999999997,No Future Purchase,Moderate Customers
12512.0,5,2,132.18,66.09,No Future Purchase,At-Risk / Inactive Customers
12513.0,51,1,612.29,612.29,No Future Purchase,At-Risk / Inactive Customers
12514.0,206,1,1017.68,1017.68,No Future Purchase,At-Risk / Inactive Customers
12515.0,292,1,383.7,383.7,No Future Purchase,At-Risk / Inactive Customers
12516.0,16,2,1312.06,656.03,Future Purchase,Moderate Customers
12517.0,12,3,1938.65,646.2166666666667,Future Purchase,Moderate Customers
12518.0,16,2,849.73,424.865,No Future Purchase,High-Value Active Customers
12519.0,2,1,330.84,330.84,No Future Purchase,At-Risk / Inactive Customers
12520.0,18,5,2634.26,526.8520000000001,Future Purchase,Moderate Customers
12521.0,81,1,599.68,599.68,No Future Purchase,At-Risk / Inactive Customers
12523.0,3,9,1299.13,144.3477777777778,Future Purchase,High-Value Active Customers
12524.0,2,7,4177.92,596.8457142857143,Future Purchase,High-Value Active Customers
12526.0,33,1,520.3,520.3,No Future Purchase,Recent Low-Value Customers
12527.0,20,3,348.71000000000004,116.23666666666668,No Future Purchase,At-Risk / Inactive Customers
12528.0,2,5,1561.88,312.37600000000003,Future Purchase,High-Value Active Customers
12530.0,62,3,1221.65,407.2166666666667,Future Purchase,Moderate Customers
12534.0,69,1,1089.18,1089.18,No Future Purchase,At-Risk / Inactive Customers
12535.0,30,2,716.35,358.175,No Future Purchase,Moderate Customers
12539.0,201,3,4517.69,1505.8966666666665,Future Purchase,Moderate Customers
12540.0,2,14,10918.789999999999,779.9135714285713,Future Purchase,High-Value Active Customers
12541.0,112,2,536.14,268.07,No Future Purchase,Moderate Customers
12545.0,14,2,1000.39,500.195,No Future Purchase,Moderate Customers
12546.0,16,1,760.2,760.2,Future Purchase,Moderate Customers
12547.0,136,2,207.79999999999998,103.89999999999999,No Future Purchase,At-Risk / Inactive Customers
12548.0,105,1,95.19999999999999,95.19999999999999,No Future Purchase,At-Risk / Inactive Customers
12550.0,18,1,964.83,964.83,No Future Purchase,At-Risk / Inactive Customers
12551.0,296,1,168.0,168.0,No Future Purchase,At-Risk / Inactive Customers
12553.0,49,7,2419.59,345.6557142857143,Future Purchase,High-Value Active Customers
12556.0,90,1,308.75,308.75,Future Purchase,Moderate Customers
12557.0,97,4,9000.960000000001,2250.2400000000002,Future Purchase,High-Value Active Customers
12559.0,249,2,561.71,280.855,No Future Purchase,At-Risk / Inactive Customers
12560.0,51,2,1436.31,718.155,Future Purchase,Recent Low-Value Customers
12561.0,241,1,238.85,238.85,No Future Purchase,At-Risk / Inactive Customers
12562.0,20,4,1993.8700000000001,498.46750000000003,Future Purchase,High-Value Active Customers
12564.0,200,1,456.9,456.9,No Future Purchase,At-Risk / Inactive Customers
12565.0,227,1,145.92,145.92,No Future Purchase,At-Risk / Inactive Customers
12566.0,25,1,351.65,351.65,No Future Purchase,At-Risk / Inactive Customers
12567.0,35,9,7849.98,872.2199999999999,Future Purchase,High-Value Active Customers
12569.0,3,17,2565.48,150.9105882352941,Future Purchase,High-Value Active Customers
12571.0,60,1,248.35,248.35,No Future Purchase,Recent Low-Value Customers
12573.0,166,1,160.54000000000002,160.54000000000002,No Future Purchase,At-Risk / Inactive Customers
12574.0,254,1,218.45,218.45,No Future Purchase,At-Risk / Inactive Customers
12576.0,34,4,936.55,234.1375,Future Purchase,Moderate Customers
12577.0,298,1,195.89,195.89,No Future Purchase,Moderate Customers
12578.0,269,1,1608.66,1608.66,No Future Purchase,Moderate Customers
12579.0,17,1,440.42,440.42,No Future Purchase,At-Risk / Inactive Customers
12580.0,185,1,415.7,415.7,No Future Purchase,At-Risk / Inactive Customers
12582.0,177,2,511.36,255.68,No Future Purchase,At-Risk / Inactive Customers
12583.0,9,11,5100.24,463.6581818181818,Future Purchase,High-Value Active Customers
12584.0,19,5,1062.39,212.478,Future Purchase,High-Value Active Customers
12585.0,173,2,2040.1,1020.05,No Future Purchase,Moderate Customers
12589.0,83,1,131.5,131.5,No Future Purchase,Recent Low-Value Customers
12590.0,150,2,9864.26,4932.13,No Future Purchase,Moderate Customers
12591.0,256,1,452.84999999999997,452.84999999999997,No Future Purchase,At-Risk / Inactive Customers
12592.0,31,2,437.6,218.8,Future Purchase,At-Risk / Inactive Customers
12593.0,47,3,418.09999999999997,139.36666666666665,No Future Purchase,At-Risk / Inactive Customers
12594.0,60,8,2529.9,316.2375,Future Purchase,High-Value Active Customers
12596.0,181,1,269.95,269.95,No Future Purchase,Moderate Customers
12597.0,122,2,1428.81,714.405,No Future Purchase,Moderate Customers
12598.0,10,5,1946.1399999999999,389.22799999999995,Future Purchase,High-Value Active Customers
12599.0,65,6,857.04,142.84,Future Purchase,Moderate Customers
12600.0,23,9,2219.46,246.60666666666668,Future Purchase,High-Value Active Customers
12601.0,128,5,577.0600000000001,115.412,No Future Purchase,Moderate Customers
12604.0,18,2,254.18,127.09,No Future Purchase,At-Risk / Inactive Customers
12609.0,17,3,1126.85,375.6166666666666,Future Purchase,Moderate Customers
12610.0,45,2,1256.25,628.125,Future Purchase,Moderate Customers
12612.0,13,1,704.0400000000001,704.0400000000001,No Future Purchase,At-Risk / Inactive Customers
12613.0,136,4,1462.52,365.63,Future Purchase,Moderate Customers
12614.0,216,1,315.6,315.6,No Future Purchase,At-Risk / Inactive Customers
12615.0,10,2,1211.3899999999999,605.6949999999999,Future Purchase,High-Value Active Customers
12616.0,34,2,713.3,356.65,No Future Purchase,Moderate Customers
12619.0,16,7,2760.38,394.34000000000003,Future Purchase,High-Value Active Customers
12620.0,19,2,939.3199999999999,469.65999999999997,No Future Purchase,Moderate Customers
12621.0,20,17,11260.64,662.3905882352941,Future Purchase,High-Value Active Customers
12622.0,171,1,180.1,180.1,No Future Purchase,At-Risk / Inactive Customers
12623.0,215,1,305.1,305.1,No Future Purchase,At-Risk / Inactive Customers
12624.0,45,2,641.13,320.565,No Future Purchase,At-Risk / Inactive Customers
12625.0,150,2,2683.82,1341.91,No Future Purchase,Moderate Customers
12626.0,3,7,6151.55,878.7928571428572,Future Purchase,High-Value Active Customers
12627.0,3,6,3911.55,651.9250000000001,Future Purchase,High-Value Active Customers
12628.0,3,1,333.64,333.64,No Future Purchase,Recent Low-Value Customers
12633.0,68,3,1948.75,649.5833333333334,Future Purchase,Moderate Customers
12635.0,28,2,1689.18,844.59,Future Purchase,Moderate Customers
12637.0,6,8,6002.9,750.3625,Future Purchase,Moderate Customers
12639.0,177,1,486.1,486.1,No Future Purchase,At-Risk / Inactive Customers
12640.0,20,1,764.59,764.59,No Future Purchase,Moderate Customers
12641.0,54,1,185.9,185.9,No Future Purchase,At-Risk / Inactive Customers
12642.0,46,1,366.45,366.45,No Future Purchase,Moderate Customers
12643.0,67,6,3344.64,557.4399999999999,Future Purchase,Moderate Customers
12644.0,68,1,477.91,477.91,No Future Purchase,At-Risk / Inactive Customers
12645.0,48,3,1310.8600000000001,436.9533333333334,Future Purchase,Moderate Customers
12647.0,17,11,3401.67,309.2427272727273,Future Purchase,High-Value Active Customers
12648.0,93,1,318.05,318.05,No Future Purchase,At-Risk / Inactive Customers
12649.0,46,3,623.51,207.83666666666667,Future Purchase,Moderate Customers
12651.0,273,1,114.0,114.0,No Future Purchase,At-Risk / Inactive Customers
12652.0,270,1,919.98,919.98,No Future Purchase,At-Risk / Inactive Customers
12653.0,87,2,2209.85,1104.925,No Future Purchase,Moderate Customers
12654.0,136,3,337.75,112.58333333333333,No Future Purchase,Recent Low-Value Customers
12656.0,11,4,3465.42,866.355,Future Purchase,High-Value Active Customers
12657.0,17,1,618.44,618.44,Future Purchase,Moderate Customers
12662.0,46,7,2653.66,379.0942857142857,Future Purchase,High-Value Active Customers
12664.0,5,5,2587.08,517.4159999999999,Future Purchase,High-Value Active Customers
12665.0,263,1,63.0,63.0,No Future Purchase,At-Risk / Inactive Customers
12668.0,198,3,2924.4700000000003,974.8233333333334,Future Purchase,High-Value Active Customers
12669.0,89,3,2744.0299999999997,914.6766666666666,Future Purchase,Moderate Customers
12670.0,37,3,1634.47,544.8233333333334,Future Purchase,High-Value Active Customers
12672.0,268,1,225.89999999999998,225.89999999999998,No Future Purchase,At-Risk / Inactive Customers
12673.0,265,1,220.9,220.9,No Future Purchase,Recent Low-Value Customers
12674.0,30,3,1402.0,467.3333333333333,Future Purchase,Moderate Customers
12676.0,9,5,1149.73,229.946,Future Purchase,Moderate Customers
12678.0,17,10,8680.5,868.05,Future Purchase,High-Value Active Customers
12679.0,26,3,1000.7,333.56666666666666,Future Purchase,Moderate Customers
12680.0,12,3,613.36,204.45333333333335,Future Purchase,Recent Low-Value Customers
12681.0,16,16,10657.12,666.07,Future Purchase,High-Value Active Customers
12682.0,20,22,8799.21,399.9640909090909,Future Purchase,High-Value Active Customers
12683.0,31,12,6622.19,551.8491666666666,Future Purchase,High-Value Active Customers
12684.0,2,5,1627.24,325.448,Future Purchase,High-Value Active Customers
12685.0,14,3,1829.02,609.6733333333333,Future Purchase,Moderate Customers
12686.0,310,1,89.14,89.14,No Future Purchase,At-Risk / Inactive Customers
12688.0,52,1,4873.8099999999995,4873.8099999999995,No Future Purchase,Moderate Customers
12689.0,66,1,511.03,511.03,No Future Purchase,Moderate Customers
12690.0,144,1,389.01,389.01,No Future Purchase,At-Risk / Inactive Customers
12691.0,84,4,556.3,139.075,No Future Purchase,Moderate Customers
12693.0,66,4,855.91,213.9775,Future Purchase,Moderate Customers
12694.0,9,2,869.67,434.835,No Future Purchase,Moderate Customers
12695.0,5,3,497.0,165.66666666666666,Future Purchase,Recent Low-Value Customers
12697.0,70,2,733.91,366.955,No Future Purchase,Moderate Customers
12700.0,4,3,3625.24,1208.4133333333332,Future Purchase,High-Value Active Customers
12701.0,18,2,797.71,398.855,No Future Purchase,Moderate Customers
12703.0,10,1,283.55,283.55,No Future Purchase,At-Risk / Inactive Customers
12704.0,17,4,1346.47,336.6175,Future Purchase,High-Value Active Customers
12705.0,16,5,5005.14,1001.028,Future Purchase,High-Value Active Customers
12707.0,230,1,603.42,603.42,No Future Purchase,At-Risk / Inactive Customers
12708.0,11,8,2399.14,299.8925,Future Purchase,High-Value Active Customers
12709.0,10,12,8025.62,668.8016666666666,Future Purchase,High-Value Active Customers
12710.0,35,3,1149.02,383.00666666666666,No Future Purchase,Moderate Customers
12712.0,45,11,3913.08,355.73454545454547,Future Purchase,High-Value Active Customers
12714.0,45,4,3389.7,847.425,Future Purchase,High-Value Active Customers
12715.0,45,1,343.36,343.36,No Future Purchase,At-Risk / Inactive Customers
12716.0,72,1,677.9,677.9,No Future Purchase,Recent Low-Value Customers
12717.0,90,2,1030.98,515.49,No Future Purchase,Moderate Customers
12718.0,10,1,238.25,238.25,No Future Purchase,At-Risk / Inactive Customers
12719.0,4,1,283.6,283.6,No Future Purchase,Recent Low-Value Customers
12720.0,4,19,4314.1,227.05789473684212,Future Purchase,High-Value Active Customers
12721.0,18,5,2041.81,408.36199999999997,Future Purchase,Moderate Customers
12722.0,24,4,997.63,249.4075,Future Purchase,Moderate Customers
12723.0,4,2,299.40999999999997,149.70499999999998,No Future Purchase,Recent Low-Value Customers
12724.0,20,3,823.1700000000001,274.39000000000004,Future Purchase,Recent Low-Value Customers
12725.0,310,1,427.8,427.8,No Future Purchase,At-Risk / Inactive Customers
12726.0,25,6,1824.6399999999999,304.1066666666666,Future Purchase,Moderate Customers
12727.0,34,6,3337.7,556.2833333333333,Future Purchase,High-Value Active Customers
12728.0,10,4,836.33,209.0825,Future Purchase,Moderate Customers
12729.0,52,1,453.01,453.01,No Future Purchase,At-Risk / Inactive Customers
12731.0,9,10,14894.65,1489.465,Future Purchase,High-Value Active Customers
12732.0,118,1,236.26000000000002,236.26000000000002,No Future Purchase,At-Risk / Inactive Customers
12733.0,173,1,383.95,383.95,No Future Purchase,At-Risk / Inactive Customers
12734.0,291,1,110.39999999999999,110.39999999999999,No Future Purchase,At-Risk / Inactive Customers
12735.0,254,2,779.5699999999999,389.78499999999997,No Future Purchase,At-Risk / Inactive Customers
12736.0,271,1,234.0,234.0,No Future Purchase,At-Risk / Inactive Customers
12738.0,311,1,155.35,155.35,No Future Purchase,At-Risk / Inactive Customers
12739.0,17,2,1013.04,506.52,No Future Purchase,Moderate Customers
12740.0,2,1,427.6,427.6,No Future Purchase,At-Risk / Inactive Customers
12743.0,73,2,540.13,270.065,No Future Purchase,At-Risk / Inactive Customers
12744.0,83,5,14211.970000000001,2842.3940000000002,Future Purchase,High-Value Active Customers
12747.0,5,9,3444.7799999999997,382.75333333333333,Future Purchase,High-Value Active Customers
12748.0,0,146,19948.76,136.6353424657534,Future Purchase,High-Value Active Customers
12749.0,69,3,2755.23,918.41,Future Purchase,High-Value Active Customers
12750.0,67,1,275.88,275.88,No Future Purchase,At-Risk / Inactive Customers
12752.0,20,1,4366.78,4366.78,No Future Purchase,Moderate Customers
12753.0,74,5,16620.91,3324.182,Future Purchase,High-Value Active Customers
12754.0,174,3,3010.74,1003.5799999999999,No Future Purchase,Moderate Customers
12755.0,219,2,3811.95,1905.975,No Future Purchase,Moderate Customers
12756.0,25,1,112.07999999999998,112.07999999999998,No Future Purchase,At-Risk / Inactive Customers
12757.0,3,9,6989.400000000001,776.6,Future Purchase,High-Value Active Customers
12758.0,55,2,2791.59,1395.795,No Future Purchase,Moderate Customers
12759.0,110,2,1082.52,541.26,No Future Purchase,Moderate Customers
12763.0,77,2,494.08,247.04,No Future Purchase,At-Risk / Inactive Customers
12764.0,255,1,1693.88,1693.88,No Future Purchase,At-Risk / Inactive Customers
12766.0,88,5,4952.1900000000005,990.4380000000001,Future Purchase,High-Value Active Customers
12769.0,177,1,1143.6,1143.6,No Future Purchase,At-Risk / Inactive Customers
12770.0,149,1,1351.45,1351.45,No Future Purchase,At-Risk / Inactive Customers
12775.0,128,4,1164.68,291.17,Future Purchase,Moderate Customers
12778.0,2,5,663.99,132.798,Future Purchase,Moderate Customers
12779.0,128,7,2999.41,428.4871428571428,No Future Purchase,High-Value Active Customers
12781.0,2,2,826.74,413.37,No Future Purchase,Moderate Customers
12782.0,88,4,2078.67,519.6675,Future Purchase,High-Value Active Customers
12783.0,14,1,339.02,339.02,No Future Purchase,High-Value Active Customers
12785.0,303,1,311.95,311.95,No Future Purchase,At-Risk / Inactive Customers
12787.0,30,2,344.65999999999997,172.32999999999998,No Future Purchase,Recent Low-Value Customers
12789.0,4,1,91.85,91.85,No Future Purchase,At-Risk / Inactive Customers
12790.0,131,1,324.92,324.92,No Future Purchase,At-Risk / Inactive Customers
12791.0,312,1,192.60000000000002,192.60000000000002,No Future Purchase,At-Risk / Inactive Customers
12792.0,195,1,400.53999999999996,400.53999999999996,No Future Purchase,At-Risk / Inactive Customers
12793.0,273,2,545.48,272.74,No Future Purchase,At-Risk / Inactive Customers
12794.0,37,1,317.0,317.0,No Future Purchase,Moderate Customers
12797.0,304,1,254.03,254.03,No Future Purchase,At-Risk / Inactive Customers
12798.0,109,1,1607.04,1607.04,Future Purchase,High-Value Active Customers
12802.0,125,1,427.58,427.58,No Future Purchase,At-Risk / Inactive Customers
12808.0,123,2,281.35,140.675,No Future Purchase,Recent Low-Value Customers
12809.0,116,1,489.31,489.31,No Future Purchase,At-Risk / Inactive Customers
12811.0,199,3,514.85,171.61666666666667,No Future Purchase,At-Risk / Inactive Customers
12814.0,40,1,125.92,125.92,No Future Purchase,At-Risk / Inactive Customers
12815.0,86,2,1063.46,531.73,No Future Purchase,Moderate Customers
12816.0,34,2,572.2,286.1,No Future Purchase,At-Risk / Inactive Customers
12817.0,220,1,166.04,166.04,No Future Purchase,At-Risk / Inactive Customers
12818.0,200,1,1542.08,1542.08,No Future Purchase,At-Risk / Inactive Customers
12820.0,13,2,388.23,194.115,Future Purchase,Recent Low-Value Customers
12821.0,153,1,92.72,92.72,No Future Purchase,At-Risk / Inactive Customers
12822.0,9,2,948.88,474.44,No Future Purchase,Moderate Customers
12823.0,13,5,1759.5,351.9,Future Purchase,Moderate Customers
12826.0,10,5,1052.6200000000001,210.52400000000003,Future Purchase,High-Value Active Customers
12828.0,4,4,661.3100000000001,165.32750000000001,Future Purchase,High-Value Active Customers
12829.0,275,2,293.0,146.5,No Future Purchase,At-Risk / Inactive Customers
12830.0,30,5,6414.32,1282.864,Future Purchase,High-Value Active Customers
12831.0,201,1,215.05,215.05,No Future Purchase,At-Risk / Inactive Customers
12832.0,37,1,267.8,267.8,No Future Purchase,Recent Low-Value Customers
12833.0,84,1,417.38,417.38,No Future Purchase,At-Risk / Inactive Customers
12834.0,221,1,312.38,312.38,No Future Purchase,At-Risk / Inactive Customers
12836.0,76,3,2112.53,704.1766666666667,Future Purchase,Moderate Customers
12837.0,112,1,134.1,134.1,No Future Purchase,At-Risk / Inactive Customers
12838.0,312,1,390.79,390.79,No Future Purchase,Recent Low-Value Customers
12839.0,10,10,3376.05,337.605,Future Purchase,High-Value Active Customers
12840.0,82,4,2726.77,681.6925,Future Purchase,Moderate Customers
12841.0,4,19,3237.39,170.38894736842104,Future Purchase,High-Value Active Customers
12842.0,9,2,1118.99,559.495,No Future Purchase,Moderate Customers
12843.0,4,8,1702.26,212.7825,Future Purchase,Moderate Customers
12844.0,69,1,174.88,174.88,No Future Purchase,Recent Low-Value Customers
12845.0,206,4,354.09,88.5225,No Future Purchase,At-Risk / Inactive Customers
12849.0,207,1,668.8499999999999,668.8499999999999,No Future Purchase,Moderate Customers
12851.0,35,1,131.81,131.81,No Future Purchase,At-Risk / Inactive Customers
12852.0,233,1,311.55,311.55,No Future Purchase,At-Risk / Inactive Customers
12853.0,73,6,1957.1000000000001,326.18333333333334,Future Purchase,Moderate Customers
12854.0,17,3,1316.25,438.75,Future Purchase,Moderate Customers
12855.0,311,1,38.1,38.1,No Future Purchase,At-Risk / Inactive Customers
12856.0,2,1,392.49,392.49,No Future Purchase,High-Value Active Customers
12857.0,149,2,1106.4,553.2,No Future Purchase,Moderate Customers
12864.0,77,1,147.12,147.12,No Future Purchase,At-Risk / Inactive Customers
12865.0,62,1,981.38,981.38,No Future Purchase,Moderate Customers
12866.0,222,1,559.12,559.12,No Future Purchase,At-Risk / Inactive Customers
12867.0,35,6,3015.96,502.66,Future Purchase,High-Value Active Customers
12868.0,124,6,1607.0600000000002,267.84333333333336,No Future Purchase,Moderate Customers
12871.0,23,2,380.64,190.32,Future Purchase,At-Risk / Inactive Customers
12872.0,265,2,599.97,299.985,No Future Purchase,At-Risk / Inactive Customers
12873.0,221,1,374.0,374.0,No Future Purchase,At-Risk / Inactive Customers
12875.0,82,2,343.2300000000001,171.61500000000004,No Future Purchase,At-Risk / Inactive Customers
12876.0,135,1,726.43,726.43,No Future Purchase,Moderate Customers
12877.0,17,10,1160.3700000000001,116.037,Future Purchase,High-Value Active Customers
12878.0,175,2,854.99,427.495,No Future Purchase,At-Risk / Inactive Customers
12879.0,20,2,507.7,253.85,Future Purchase,Moderate Customers
12881.0,214,1,298.0,298.0,No Future Purchase,At-Risk / Inactive Customers
12883.0,28,1,291.63,291.63,Future Purchase,Moderate Customers
12884.0,27,1,309.05,309.05,No Future Purchase,At-Risk / Inactive Customers
12885.0,2,3,1175.22,391.74,No Future Purchase,Moderate Customers
12886.0,6,2,1378.4,689.2,No Future Purchase,Moderate Customers
12888.0,153,2,354.12,177.06,No Future Purchase,At-Risk / Inactive Customers
12891.0,124,3,331.0,110.33333333333333,No Future Purchase,At-Risk / Inactive Customers
12895.0,25,1,267.8,267.8,No Future Purchase,Recent Low-Value Customers
12897.0,143,2,216.5,108.25,No Future Purchase,At-Risk / Inactive Customers
12901.0,20,20,13159.27,657.9635000000001,Future Purchase,High-Value Active Customers
12902.0,203,1,138.68,138.68,No Future Purchase,At-Risk / Inactive Customers
12904.0,111,1,244.69,244.69,No Future Purchase,Recent Low-Value Customers
12906.0,17,2,1936.5900000000001,968.2950000000001,Future Purchase,High-Value Active Customers
12908.0,115,2,750.0,375.0,No Future Purchase,At-Risk / Inactive Customers
12909.0,26,4,1857.35,464.3375,Future Purchase,Moderate Customers
12910.0,3,6,2616.58,436.09666666666664,Future Purchase,High-Value Active Customers
12913.0,221,3,866.39,288.7966666666667,Future Purchase,High-Value Active Customers
12915.0,87,2,363.65,181.825,No Future Purchase,At-Risk / Inactive Customers
12916.0,77,4,2944.95,736.2375,Future Purchase,Moderate Customers
12917.0,67,1,594.0,594.0,No Future Purchase,At-Risk / Inactive Customers
12919.0,55,3,441.65,147.21666666666667,No Future Purchase,High-Value Active Customers
12921.0,23,27,11395.98,422.0733333333333,Future Purchase,High-Value Active Customers
12922.0,100,1,405.38,405.38,No Future Purchase,At-Risk / Inactive Customers
12923.0,3,1,172.82,172.82,No Future Purchase,At-Risk / Inactive Customers
12924.0,27,4,933.7,233.425,Future Purchase,Moderate Customers
12925.0,13,1,368.31,368.31,No Future Purchase,Recent Low-Value Customers
12928.0,86,3,1136.14,378.71333333333337,Future Purchase,Moderate Customers
12929.0,250,1,117.85,117.85,No Future Purchase,At-Risk / Inactive Customers
12930.0,17,2,415.8,207.9,Future Purchase,At-Risk / Inactive Customers
12931.0,6,12,34440.06,2870.0049999999997,Future Purchase,High-Value Active Customers
12933.0,110,2,357.49,178.745,No Future Purchase,Recent Low-Value Customers
12935.0,48,4,1535.34,383.835,Future Purchase,High-Value Active Customers
12936.0,17,1,798.46,798.46,No Future Purchase,Moderate Customers
12937.0,10,3,826.44,275.48,Future Purchase,Moderate Customers
12939.0,3,8,11581.8,1447.725,Future Purchase,High-Value Active Customers
12940.0,26,1,361.27,361.27,No Future Purchase,Moderate Customers
12942.0,70,3,675.6,225.20000000000002,Future Purchase,Moderate Customers
12944.0,293,1,286.95,286.95,No Future Purchase,Recent Low-Value Customers
12945.0,227,1,462.95,462.95,No Future Purchase,At-Risk / Inactive Customers
12947.0,82,6,1603.99,267.33166666666665,Future Purchase,Moderate Customers
12948.0,44,4,1423.96,355.99,Future Purchase,High-Value Active Customers
12949.0,53,7,3449.42,492.7742857142857,Future Purchase,High-Value Active Customers
12951.0,112,5,751.78,150.356,Future Purchase,High-Value Active Customers
12952.0,17,1,731.54,731.54,No Future Purchase,Recent Low-Value Customers
12955.0,31,6,1843.36,307.22666666666663,Future Purchase,High-Value Active Customers
12956.0,245,1,108.07,108.07,No Future Purchase,At-Risk / Inactive Customers
12957.0,10,6,2640.7200000000003,440.12000000000006,Future Purchase,High-Value Active Customers
12962.0,52,1,170.54000000000002,170.54000000000002,No Future Purchase,Recent Low-Value Customers
12963.0,23,2,619.71,309.855,Future Purchase,High-Value Active Customers
12965.0,28,1,769.8100000000001,769.8100000000001,No Future Purchase,At-Risk / Inactive Customers
12967.0,297,2,1660.9,830.45,No Future Purchase,Moderate Customers
12968.0,51,1,135.95,135.95,No Future Purchase,At-Risk / Inactive Customers
12970.0,261,2,23.8,11.9,No Future Purchase,Recent Low-Value Customers
12971.0,4,69,8988.04,130.26144927536234,Future Purchase,High-Value Active Customers
12974.0,136,1,144.8,144.8,No Future Purchase,At-Risk / Inactive Customers
12976.0,150,1,738.6,738.6,No Future Purchase,At-Risk / Inactive Customers
12977.0,95,1,39.239999999999995,39.239999999999995,No Future Purchase,At-Risk / Inactive Customers
12980.0,96,9,7374.900000000001,819.4333333333334,Future Purchase,Moderate Customers
12981.0,72,1,187.18,187.18,No Future Purchase,Recent Low-Value Customers
12982.0,181,1,390.54,390.54,No Future Purchase,At-Risk / Inactive Customers
12987.0,12,2,558.7,279.35,No Future Purchase,At-Risk / Inactive Customers
12988.0,231,1,505.82,505.82,No Future Purchase,At-Risk / Inactive Customers
12989.0,5,11,5957.62,541.6018181818182,Future Purchase,High-Value Active Customers
12990.0,124,2,263.9,131.95,No Future Purchase,Recent Low-Value Customers
12991.0,51,1,303.56,303.56,No Future Purchase,Recent Low-Value Customers
12993.0,59,3,372.4,124.13333333333333,No Future Purchase,Recent Low-Value Customers
12994.0,59,2,645.47,322.735,No Future Purchase,Recent Low-Value Customers
12995.0,24,1,211.32,211.32,No Future Purchase,At-Risk / Inactive Customers
12997.0,27,3,916.39,305.4633333333333,Future Purchase,Moderate Customers
12999.0,135,3,455.88,151.96,No Future Purchase,At-Risk / Inactive Customers
13000.0,45,3,534.85,178.28333333333333,Future Purchase,Moderate Customers
13001.0,97,11,8582.57,780.2336363636364,Future Purchase,High-Value Active Customers
13002.0,257,1,120.94999999999999,120.94999999999999,No Future Purchase,At-Risk / Inactive Customers
13003.0,44,3,149.05,49.68333333333334,No Future Purchase,At-Risk / Inactive Customers
13004.0,2,15,4609.0,307.26666666666665,Future Purchase,High-Value Active Customers
13005.0,112,2,513.7,256.85,No Future Purchase,At-Risk / Inactive Customers
13008.0,262,1,229.46999999999997,229.46999999999997,No Future Purchase,At-Risk / Inactive Customers
13011.0,311,1,50.550000000000004,50.550000000000004,No Future Purchase,At-Risk / Inactive Customers
13012.0,17,5,1190.8400000000001,238.16800000000003,Future Purchase,High-Value Active Customers
13013.0,3,10,3902.9,390.29,Future Purchase,High-Value Active Customers
13014.0,13,6,2421.63,403.605,Future Purchase,High-Value Active Customers
13015.0,136,4,1763.04,440.76,Future Purchase,Moderate Customers
13016.0,12,3,789.89,263.2966666666667,Future Purchase,Moderate Customers
13018.0,3,22,6090.34,276.83363636363634,Future Purchase,High-Value Active Customers
13021.0,9,6,1619.28,269.88,Future Purchase,High-Value Active Customers
13023.0,3,2,689.9,344.95,No Future Purchase,Moderate Customers
13026.0,31,3,604.2,201.4,Future Purchase,High-Value Active Customers
13027.0,52,6,6912.0,1152.0,Future Purchase,Moderate Customers
13029.0,77,2,773.1999999999999,386.59999999999997,No Future Purchase,Moderate Customers
13030.0,307,1,402.36,402.36,No Future Purchase,Recent Low-Value Customers
13032.0,26,1,496.3,496.3,No Future Purchase,Moderate Customers
13033.0,296,1,190.55,190.55,No Future Purchase,At-Risk / Inactive Customers
13034.0,308,1,165.86,165.86,Future Purchase,Moderate Customers
13035.0,12,2,921.88,460.94,No Future Purchase,Moderate Customers
13037.0,77,3,881.07,293.69,Future Purchase,Moderate Customers
13038.0,19,3,908.46,302.82,Future Purchase,Moderate Customers
13043.0,212,1,516.42,516.42,No Future Purchase,At-Risk / Inactive Customers
13044.0,230,1,560.47,560.47,No Future Purchase,At-Risk / Inactive Customers
13045.0,38,1,305.28000000000003,305.28000000000003,No Future Purchase,At-Risk / Inactive Customers
13046.0,205,1,197.72,197.72,No Future Purchase,Recent Low-Value Customers
13047.0,66,8,2682.01,335.25125,Future Purchase,High-Value Active Customers
13048.0,52,3,1358.55,452.84999999999997,Future Purchase,Moderate Customers
13049.0,3,2,656.6800000000001,328.34000000000003,No Future Purchase,Moderate Customers
13050.0,45,13,4509.74,346.9030769230769,Future Purchase,High-Value Active Customers
13052.0,151,1,348.15000000000003,348.15000000000003,No Future Purchase,At-Risk / Inactive Customers
13055.0,17,3,1214.41,404.80333333333334,Future Purchase,Moderate Customers
13058.0,90,1,47.550000000000004,47.550000000000004,No Future Purchase,Recent Low-Value Customers
13059.0,188,1,183.4,183.4,No Future Purchase,At-Risk / Inactive Customers
13060.0,192,1,307.53,307.53,No Future Purchase,At-Risk / Inactive Customers
13061.0,11,1,248.61,248.61,No Future Purchase,At-Risk / Inactive Customers
13062.0,130,1,346.98,346.98,No Future Purchase,At-Risk / Inactive Customers
13064.0,27,3,842.33,280.7766666666667,Future Purchase,Moderate Customers
13065.0,312,1,205.86,205.86,No Future Purchase,At-Risk / Inactive Customers
13067.0,21,1,115.46000000000001,115.46000000000001,No Future Purchase,At-Risk / Inactive Customers
13068.0,258,1,165.0,165.0,No Future Purchase,Recent Low-Value Customers
13069.0,38,20,3870.02,193.501,Future Purchase,High-Value Active Customers
13070.0,131,1,228.8,228.8,No Future Purchase,At-Risk / Inactive Customers
13072.0,205,1,177.15,177.15,No Future Purchase,At-Risk / Inactive Customers
13075.0,68,1,919.61,919.61,No Future Purchase,At-Risk / Inactive Customers
13077.0,229,3,576.19,192.06333333333336,Future Purchase,Recent Low-Value Customers
13078.0,3,19,9172.53,482.7647368421053,Future Purchase,High-Value Active Customers
13079.0,14,3,172.4,57.46666666666667,No Future Purchase,Recent Low-Value Customers
13080.0,118,1,58.08,58.08,No Future Purchase,At-Risk / Inactive Customers
13081.0,82,8,18870.12,2358.765,Future Purchase,High-Value Active Customers
13082.0,65,9,3613.63,401.51444444444445,Future Purchase,Moderate Customers
13083.0,14,1,192.39,192.39,No Future Purchase,Recent Low-Value Customers
13085.0,96,2,416.08000000000004,208.04000000000002,No Future Purchase,At-Risk / Inactive Customers
13089.0,3,81,46693.62,576.4644444444444,Future Purchase,High-Value Active Customers
13090.0,3,10,5814.09,581.409,Future Purchase,High-Value Active Customers
13092.0,9,5,477.83,95.566,No Future Purchase,Moderate Customers
13093.0,214,8,7832.47,979.05875,No Future Purchase,Moderate Customers
13094.0,19,11,1774.68,161.33454545454546,Future Purchase,High-Value Active Customers
13095.0,9,1,74.39999999999999,74.39999999999999,No Future Purchase,At-Risk / Inactive Customers
13097.0,16,9,5472.08,608.0088888888889,Future Purchase,High-Value Active Customers
13098.0,26,19,17349.76,913.1452631578946,Future Purchase,High-Value Active Customers
13099.0,38,1,207.35999999999999,207.35999999999999,No Future Purchase,At-Risk / Inactive Customers
13101.0,173,1,101.19,101.19,No Future Purchase,At-Risk / Inactive Customers
13102.0,20,20,5292.84,264.642,Future Purchase,High-Value Active Customers
13104.0,24,4,579.0,144.75,Future Purchase,High-Value Active Customers
13106.0,72,1,76.5,76.5,No Future Purchase,At-Risk / Inactive Customers
13107.0,24,3,1407.42,469.14000000000004,Future Purchase,Moderate Customers
13108.0,311,1,350.06,350.06,No Future Purchase,At-Risk / Inactive Customers
13109.0,96,1,369.85,369.85,No Future Purchase,Moderate Customers
13110.0,76,5,1042.24,208.448,Future Purchase,Moderate Customers
13113.0,0,21,11262.72,536.3199999999999,Future Purchase,High-Value Active Customers
13115.0,123,1,878.55,878.55,No Future Purchase,Moderate Customers
13116.0,77,1,501.14,501.14,Future Purchase,At-Risk / Inactive Customers
13117.0,60,7,841.77,120.25285714285714,Future Purchase,Moderate Customers
13118.0,147,3,799.7,266.56666666666666,Future Purchase,Moderate Customers
13120.0,177,1,30.599999999999998,30.599999999999998,No Future Purchase,At-Risk / Inactive Customers
13121.0,208,1,283.73,283.73,No Future Purchase,At-Risk / Inactive Customers
13122.0,33,2,922.39,461.195,No Future Purchase,Moderate Customers
13124.0,28,3,3756.33,1252.11,Future Purchase,Moderate Customers
13126.0,11,6,1385.98,230.99666666666667,Future Purchase,High-Value Active Customers
13127.0,16,1,259.17,259.17,No Future Purchase,At-Risk / Inactive Customers
13130.0,33,1,64.0,64.0,No Future Purchase,At-Risk / Inactive Customers
13131.0,10,2,772.2,386.1,No Future Purchase,Moderate Customers
13132.0,200,1,77.3,77.3,No Future Purchase,At-Risk / Inactive Customers
13133.0,212,2,109.8,54.9,No Future Purchase,At-Risk / Inactive Customers
13134.0,24,4,1793.58,448.395,Future Purchase,Moderate Customers
13135.0,135,1,3096.0,3096.0,No Future Purchase,Moderate Customers
13136.0,26,4,2148.08,537.02,Future Purchase,Moderate Customers
13137.0,31,5,1888.32,377.664,Future Purchase,High-Value Active Customers
13138.0,19,4,687.89,171.9725,Future Purchase,Moderate Customers
13139.0,11,4,3584.56,896.14,Future Purchase,High-Value Active Customers
13140.0,47,3,422.47,140.82333333333335,No Future Purchase,At-Risk / Inactive Customers
13141.0,23,5,2388.75,477.75,Future Purchase,Moderate Customers
13144.0,271,1,110.95,110.95,No Future Purchase,At-Risk / Inactive Customers
13145.0,30,3,499.72,166.57333333333335,Future Purchase,Moderate Customers
13147.0,38,1,118.80000000000001,118.80000000000001,No Future Purchase,Recent Low-Value Customers
13148.0,72,10,2766.01,276.601,Future Purchase,High-Value Active Customers
13149.0,45,3,1132.62,377.53999999999996,Future Purchase,Moderate Customers
13151.0,234,1,1257.8700000000001,1257.8700000000001,No Future Purchase,At-Risk / Inactive Customers
13155.0,18,3,882.5,294.1666666666667,Future Purchase,Moderate Customers
13157.0,80,3,873.1999999999999,291.06666666666666,Future Purchase,Moderate Customers
13158.0,33,4,1201.06,300.265,Future Purchase,Moderate Customers
13159.0,45,2,843.09,421.545,No Future Purchase,Recent Low-Value Customers
13161.0,252,1,112.75,112.75,No Future Purchase,At-Risk / Inactive Customers
13162.0,61,4,1688.29,422.0725,No Future Purchase,Moderate Customers
13165.0,290,1,354.64,354.64,No Future Purchase,Moderate Customers
13166.0,222,1,417.2,417.2,No Future Purchase,At-Risk / Inactive Customers
13167.0,6,3,659.67,219.89,Future Purchase,Moderate Customers
13168.0,138,3,953.0600000000001,317.68666666666667,Future Purchase,Moderate Customers
13169.0,2,2,712.88,356.44,No Future Purchase,Moderate Customers
13171.0,238,1,140.35,140.35,No Future Purchase,Recent Low-Value Customers
13173.0,306,1,165.94,165.94,Future Purchase,Recent Low-Value Customers
13174.0,255,2,2034.06,1017.03,No Future Purchase,Moderate Customers
13177.0,3,1,282.45,282.45,No Future Purchase,At-Risk / Inactive Customers
13178.0,12,9,5156.7300000000005,572.97,Future Purchase,High-Value Active Customers
13183.0,25,7,3085.5800000000004,440.7971428571429,Future Purchase,High-Value Active Customers
13184.0,69,9,1472.1,163.56666666666666,Future Purchase,High-Value Active Customers
13185.0,206,1,71.4,71.4,No Future Purchase,At-Risk / Inactive Customers
13186.0,32,2,1301.94,650.97,Future Purchase,Moderate Customers
13187.0,276,1,236.02,236.02,No Future Purchase,At-Risk / Inactive Customers
13189.0,54,1,127.0,127.0,No Future Purchase,Recent Low-Value Customers
13192.0,34,2,911.94,455.97,No Future Purchase,Moderate Customers
13193.0,0,1,112.08,112.08,No Future Purchase,At-Risk / Inactive Customers
13194.0,74,1,60.7,60.7,No Future Purchase,At-Risk / Inactive Customers
13196.0,23,2,1586.95,793.475,Future Purchase,Moderate Customers
13198.0,59,5,3009.18,601.836,Future Purchase,High-Value Active Customers
13199.0,3,24,5270.3,219.59583333333333,Future Purchase,High-Value Active Customers
13200.0,13,2,627.01,313.505,No Future Purchase,Moderate Customers
13203.0,59,2,309.86,154.93,No Future Purchase,Recent Low-Value Customers
13207.0,89,1,197.52000000000004,197.52000000000004,No Future Purchase,Recent Low-Value Customers
13208.0,94,4,828.8199999999999,207.20499999999998,Future Purchase,Moderate Customers
13209.0,67,5,4156.08,831.216,Future Purchase,High-Value Active Customers
13210.0,32,1,353.48,353.48,No Future Purchase,At-Risk / Inactive Customers
13211.0,34,2,784.64,392.32,No Future Purchase,Recent Low-Value Customers
13212.0,0,2,291.47,145.735,No Future Purchase,Recent Low-Value Customers
13213.0,67,4,963.88,240.97,Future Purchase,Moderate Customers
13216.0,206,1,333.74,333.74,No Future Purchase,At-Risk / Inactive Customers
13217.0,61,3,533.98,177.99333333333334,Future Purchase,Moderate Customers
13218.0,66,1,62.63999999999999,62.63999999999999,No Future Purchase,At-Risk / Inactive Customers
13220.0,17,4,819.2900000000001,204.82250000000002,Future Purchase,Moderate Customers
13221.0,179,2,847.41,423.705,No Future Purchase,At-Risk / Inactive Customers
13223.0,139,2,163.20000000000002,81.60000000000001,No Future Purchase,At-Risk / Inactive Customers
13224.0,90,1,1212.26,1212.26,Future Purchase,Moderate Customers
13225.0,82,5,4299.56,859.912,Future Purchase,High-Value Active Customers
13226.0,212,1,108.21000000000001,108.21000000000001,No Future Purchase,At-Risk / Inactive Customers
13227.0,140,1,257.7,257.7,No Future Purchase,At-Risk / Inactive Customers
13228.0,20,1,358.0,358.0,No Future Purchase,At-Risk / Inactive Customers
13229.0,164,1,160.95,160.95,No Future Purchase,At-Risk / Inactive Customers
13230.0,77,12,2195.23,182.93583333333333,Future Purchase,High-Value Active Customers
13232.0,37,5,1019.05,203.81,Future Purchase,High-Value Active Customers
13233.0,13,2,605.12,302.56,No Future Purchase,At-Risk / Inactive Customers
13235.0,151,1,1031.07,1031.07,No Future Purchase,At-Risk / Inactive Customers
13236.0,45,1,439.23,439.23,No Future Purchase,Recent Low-Value Customers
13238.0,102,2,318.85,159.425,No Future Purchase,Recent Low-Value Customers
13239.0,200,1,329.56,329.56,No Future Purchase,At-Risk / Inactive Customers
13240.0,35,4,663.65,165.9125,Future Purchase,Moderate Customers
13242.0,51,3,270.40000000000003,90.13333333333334,No Future Purchase,At-Risk / Inactive Customers
13243.0,142,1,585.12,585.12,No Future Purchase,At-Risk / Inactive Customers
13244.0,31,1,121.74000000000001,121.74000000000001,No Future Purchase,At-Risk / Inactive Customers
13246.0,115,5,1838.51,367.702,Future Purchase,Moderate Customers
13247.0,21,1,305.07,305.07,No Future Purchase,Recent Low-Value Customers
13248.0,63,2,465.68,232.84,Future Purchase,At-Risk / Inactive Customers
13249.0,31,3,711.41,237.13666666666666,Future Purchase,Moderate Customers
13253.0,95,2,1030.4,515.2,No Future Purchase,Moderate Customers
13255.0,312,1,225.7,225.7,No Future Purchase,Recent Low-Value Customers
13258.0,144,1,198.87,198.87,No Future Purchase,Recent Low-Value Customers
13259.0,0,1,283.18,283.18,No Future Purchase,At-Risk / Inactive Customers
13260.0,0,1,557.62,557.62,No Future Purchase,At-Risk / Inactive Customers
13261.0,207,2,944.1,472.05,No Future Purchase,At-Risk / Inactive Customers
13262.0,202,1,200.29,200.29,No Future Purchase,At-Risk / Inactive Customers
13263.0,5,26,5758.44,221.47846153846152,Future Purchase,High-Value Active Customers
13265.0,27,4,1787.3,446.825,Future Purchase,Moderate Customers
13266.0,14,9,2841.35,315.7055555555555,Future Purchase,High-Value Active Customers
13267.0,31,15,3119.34,207.95600000000002,Future Purchase,High-Value Active Customers
13268.0,23,7,2436.38,348.05428571428575,Future Purchase,High-Value Active Customers
13269.0,5,11,3914.9,355.90000000000003,Future Purchase,High-Value Active Customers
13270.0,305,1,590.0,590.0,No Future Purchase,At-Risk / Inactive Customers
13272.0,28,1,140.96,140.96,No Future Purchase,Recent Low-Value Customers
13273.0,52,1,138.98,138.98,No Future Purchase,At-Risk / Inactive Customers
13276.0,2,2,590.9300000000001,295.46500000000003,No Future Purchase,Moderate Customers
13277.0,55,2,125.9,62.95,No Future Purchase,Recent Low-Value Customers
13279.0,17,1,137.75,137.75,No Future Purchase,At-Risk / Inactive Customers
13280.0,61,3,798.46,266.15333333333336,Future Purchase,Moderate Customers
13282.0,101,2,773.1,386.55,No Future Purchase,Moderate Customers
13283.0,124,1,25.5,25.5,No Future Purchase,At-Risk / Inactive Customers
13284.0,269,1,201.19,201.19,No Future Purchase,At-Risk / Inactive Customers
13285.0,100,3,1970.1,656.6999999999999,Future Purchase,Moderate Customers
13291.0,94,1,361.11,361.11,No Future Purchase,At-Risk / Inactive Customers
13292.0,223,1,249.57,249.57,No Future Purchase,Recent Low-Value Customers
13294.0,128,2,873.74,436.87,No Future Purchase,At-Risk / Inactive Customers
13295.0,298,1,201.20000000000002,201.20000000000002,No Future Purchase,At-Risk / Inactive Customers
13296.0,76,1,87.4,87.4,No Future Purchase,At-Risk / Inactive Customers
13297.0,6,1,1315.3799999999999,1315.3799999999999,No Future Purchase,High-Value Active Customers
13299.0,207,1,142.5,142.5,No Future Purchase,At-Risk / Inactive Customers
13300.0,108,1,371.89,371.89,No Future Purchase,At-Risk / Inactive Customers
13301.0,42,4,618.09,154.5225,No Future Purchase,Moderate Customers
13302.0,94,1,63.75,63.75,No Future Purchase,At-Risk / Inactive Customers
13304.0,290,1,300.42,300.42,No Future Purchase,At-Risk / Inactive Customers
13305.0,31,8,1471.25,183.90625,Future Purchase,High-Value Active Customers
13307.0,59,1,15.0,15.0,No Future Purchase,At-Risk / Inactive Customers
13308.0,142,1,814.95,814.95,No Future Purchase,Moderate Customers
13309.0,27,3,928.14,309.38,Future Purchase,High-Value Active Customers
13310.0,145,2,817.65,408.825,No Future Purchase,Moderate Customers
13311.0,89,1,490.11,490.11,No Future Purchase,Recent Low-Value Customers
13313.0,80,3,918.34,306.11333333333334,Future Purchase,Moderate Customers
13314.0,2,2,589.47,294.735,No Future Purchase,Recent Low-Value Customers
13316.0,18,3,4218.76,1406.2533333333333,Future Purchase,Moderate Customers
13317.0,5,6,2273.68,378.94666666666666,Future Purchase,Moderate Customers
13319.0,5,21,8248.58,392.7895238095238,Future Purchase,High-Value Active Customers
13320.0,17,4,1532.2,383.05,Future Purchase,Moderate Customers
13321.0,11,2,567.36,283.68,No Future Purchase,At-Risk / Inactive Customers
13323.0,23,1,120.30000000000001,120.30000000000001,No Future Purchase,Recent Low-Value Customers
13324.0,28,9,6437.83,715.3144444444445,Future Purchase,High-Value Active Customers
13325.0,20,1,675.3,675.3,No Future Purchase,At-Risk / Inactive Customers
13327.0,51,7,2738.75,391.25,Future Purchase,High-Value Active Customers
13328.0,255,1,1308.48,1308.48,No Future Purchase,At-Risk / Inactive Customers
13329.0,305,1,304.2,304.2,No Future Purchase,Recent Low-Value Customers
13330.0,31,3,1140.93,380.31,Future Purchase,Moderate Customers
13334.0,21,3,3502.32,1167.44,Future Purchase,Moderate Customers
13336.0,16,1,795.12,795.12,No Future Purchase,At-Risk / Inactive Customers
13338.0,96,1,487.02,487.02,No Future Purchase,At-Risk / Inactive Customers
13339.0,139,1,860.12,860.12,No Future Purchase,At-Risk / Inactive Customers
13340.0,44,5,9229.54,1845.9080000000001,Future Purchase,High-Value Active Customers
13341.0,199,1,775.85,775.85,No Future Purchase,At-Risk / Inactive Customers
13343.0,116,1,353.43,353.43,No Future Purchase,At-Risk / Inactive Customers
13344.0,6,3,2511.69,837.23,Future Purchase,Moderate Customers
13345.0,226,1,389.5,389.5,No Future Purchase,At-Risk / Inactive Customers
13347.0,9,1,341.36,341.36,No Future Purchase,At-Risk / Inactive Customers
13348.0,3,1,233.76,233.76,No Future Purchase,At-Risk / Inactive Customers
13350.0,18,1,646.57,646.57,No Future Purchase,Recent Low-Value Customers
13351.0,5,1,373.94,373.94,No Future Purchase,At-Risk / Inactive Customers
13354.0,10,1,743.53,743.53,No Future Purchase,At-Risk / Inactive Customers
13355.0,61,1,674.7,674.7,No Future Purchase,At-Risk / Inactive Customers
13356.0,19,1,768.24,768.24,No Future Purchase,At-Risk / Inactive Customers
13357.0,196,1,609.4,609.4,No Future Purchase,At-Risk / Inactive Customers
13358.0,207,1,439.03,439.03,No Future Purchase,At-Risk / Inactive Customers
13359.0,2,1,439.56,439.56,No Future Purchase,At-Risk / Inactive Customers
13362.0,184,2,1581.53,790.765,No Future Purchase,High-Value Active Customers
13364.0,10,1,134.95999999999998,134.95999999999998,No Future Purchase,At-Risk / Inactive Customers
13365.0,156,1,700.6,700.6,No Future Purchase,Moderate Customers
13368.0,195,2,623.4,311.7,No Future Purchase,At-Risk / Inactive Customers
13369.0,304,1,308.28000000000003,308.28000000000003,No Future Purchase,At-Risk / Inactive Customers
13370.0,310,1,754.87,754.87,No Future Purchase,At-Risk / Inactive Customers
13372.0,28,1,378.64,378.64,No Future Purchase,At-Risk / Inactive Customers
13373.0,97,2,2055.58,1027.79,No Future Purchase,Moderate Customers
13375.0,27,1,778.65,778.65,No Future Purchase,At-Risk / Inactive Customers
13376.0,38,3,1019.76,339.92,Future Purchase,Moderate Customers
13379.0,7,2,435.82,217.91,No Future Purchase,Recent Low-Value Customers
13381.0,28,5,2982.23,596.446,Future Purchase,Moderate Customers
13382.0,219,1,222.99,222.99,No Future Purchase,At-Risk / Inactive Customers
13384.0,12,5,3131.4700000000003,626.2940000000001,Future Purchase,High-Value Active Customers
13385.0,268,1,534.57,534.57,No Future Purchase,At-Risk / Inactive Customers
13388.0,70,2,677.1,338.55,No Future Purchase,At-Risk / Inactive Customers
13389.0,13,2,580.15,290.075,Future Purchase,Recent Low-Value Customers
13390.0,13,1,544.08,544.08,No Future Purchase,At-Risk / Inactive Customers
13391.0,142,1,59.8,59.8,No Future Purchase,At-Risk / Inactive Customers
13394.0,17,6,1846.19,307.6983333333333,Future Purchase,High-Value Active Customers
13395.0,124,1,307.72,307.72,No Future Purchase,At-Risk / Inactive Customers
13396.0,258,1,387.27000000000004,387.27000000000004,No Future Purchase,Moderate Customers
13397.0,11,5,1544.13,308.826,Future Purchase,Moderate Customers
13398.0,131,1,457.34,457.34,No Future Purchase,At-Risk / Inactive Customers
13402.0,66,2,621.23,310.615,No Future Purchase,At-Risk / Inactive Customers
13404.0,151,1,217.81,217.81,No Future Purchase,Recent Low-Value Customers
13405.0,13,3,572.451,190.817,Future Purchase,Moderate Customers
13408.0,5,48,21376.84,445.35083333333336,Future Purchase,High-Value Active Customers
13410.0,13,4,728.66,182.165,Future Purchase,Moderate Customers
13411.0,46,1,213.55,213.55,No Future Purchase,At-Risk / Inactive Customers
13414.0,72,3,1390.5,463.5,Future Purchase,Moderate Customers
13416.0,20,1,275.0,275.0,No Future Purchase,Moderate Customers
13417.0,144,1,236.0,236.0,No Future Purchase,Recent Low-Value Customers
13418.0,23,16,5068.13,316.758125,Future Purchase,High-Value Active Customers
13419.0,2,1,221.06,221.06,No Future Purchase,At-Risk / Inactive Customers
13420.0,88,2,159.85,79.925,No Future Purchase,At-Risk / Inactive Customers
13421.0,229,1,825.04,825.04,No Future Purchase,Moderate Customers
13422.0,3,1,2626.3,2626.3,No Future Purchase,Moderate Customers
13425.0,47,3,1624.21,541.4033333333333,Future Purchase,Moderate Customers
13426.0,3,7,2708.11,386.8728571428572,Future Purchase,High-Value Active Customers
13427.0,59,2,464.86,232.43,Future Purchase,Recent Low-Value Customers
13429.0,14,1,330.6,330.6,No Future Purchase,Recent Low-Value Customers
13430.0,25,1,336.31,336.31,No Future Purchase,Recent Low-Value Customers
13431.0,6,2,1269.1,634.55,No Future Purchase,Moderate Customers
13434.0,13,2,534.24,267.12,Future Purchase,At-Risk / Inactive Customers
13435.0,14,4,1973.02,493.255,Future Purchase,High-Value Active Customers
13437.0,38,4,2173.6,543.4,Future Purchase,High-Value Active Customers
13439.0,194,1,283.71,283.71,No Future Purchase,At-Risk / Inactive Customers
13441.0,30,1,296.64,296.64,No Future Purchase,At-Risk / Inactive Customers
13448.0,19,5,2484.37,496.87399999999997,Future Purchase,High-Value Active Customers
13450.0,28,5,1727.28,345.456,Future Purchase,Moderate Customers
13451.0,65,4,2385.5,596.375,Future Purchase,Moderate Customers
13452.0,198,2,590.0,295.0,No Future Purchase,At-Risk / Inactive Customers
13453.0,104,2,356.97999999999996,178.48999999999998,No Future Purchase,At-Risk / Inactive Customers
13455.0,305,1,692.94,692.94,No Future Purchase,Recent Low-Value Customers
13456.0,2,4,1309.8200000000002,327.45500000000004,Future Purchase,Moderate Customers
13458.0,4,11,8176.78,743.3436363636364,Future Purchase,High-Value Active Customers
13461.0,77,2,884.2,442.1,Future Purchase,Moderate Customers
13462.0,191,1,151.5,151.5,No Future Purchase,At-Risk / Inactive Customers
13466.0,123,1,307.9,307.9,No Future Purchase,At-Risk / Inactive Customers
13468.0,4,31,4977.19,160.55451612903224,Future Purchase,High-Value Active Customers
13470.0,38,2,165.0,82.5,No Future Purchase,At-Risk / Inactive Customers
13473.0,271,1,241.26,241.26,No Future Purchase,At-Risk / Inactive Customers
13474.0,175,1,226.84,226.84,No Future Purchase,At-Risk / Inactive Customers
13475.0,130,4,1431.78,357.945,Future Purchase,Moderate Customers
13476.0,117,2,1238.47,619.235,No Future Purchase,Moderate Customers
13477.0,77,4,899.55,224.8875,Future Purchase,Moderate Customers
13479.0,139,2,300.95,150.475,No Future Purchase,At-Risk / Inactive Customers
13481.0,47,4,1361.33,340.3325,Future Purchase,Moderate Customers
13482.0,171,1,184.64,184.64,No Future Purchase,At-Risk / Inactive Customers
13483.0,4,1,140.34,140.34,No Future Purchase,At-Risk / Inactive Customers
13484.0,180,1,313.8,313.8,No Future Purchase,At-Risk / Inactive Customers
13485.0,172,1,454.24,454.24,No Future Purchase,At-Risk / Inactive Customers
13486.0,17,3,1122.41,374.1366666666667,Future Purchase,Moderate Customers
13487.0,152,2,408.8,204.4,No Future Purchase,Moderate Customers
13488.0,11,11,7367.19,669.7445454545455,Future Purchase,High-Value Active Customers
13489.0,44,4,449.52,112.38,No Future Purchase,Moderate Customers
13491.0,86,9,1088.45,120.9388888888889,Future Purchase,Moderate Customers
13492.0,75,3,1269.84,423.28,No Future Purchase,Moderate Customers
13493.0,214,2,618.63,309.315,No Future Purchase,At-Risk / Inactive Customers
13494.0,250,1,316.26000000000005,316.26000000000005,No Future Purchase,At-Risk / Inactive Customers
13495.0,171,3,1072.43,357.4766666666667,Future Purchase,High-Value Active Customers
13496.0,298,1,501.01,501.01,No Future Purchase,Recent Low-Value Customers
13497.0,221,2,348.05,174.025,No Future Purchase,At-Risk / Inactive Customers
13499.0,12,3,613.85,204.61666666666667,Future Purchase,Moderate Customers
13500.0,61,1,326.4,326.4,No Future Purchase,Moderate Customers
13501.0,227,1,1340.32,1340.32,No Future Purchase,At-Risk / Inactive Customers
13502.0,213,2,189.16,94.58,No Future Purchase,Recent Low-Value Customers
13503.0,10,1,216.85,216.85,No Future Purchase,At-Risk / Inactive Customers
13504.0,3,1,295.93,295.93,No Future Purchase,At-Risk / Inactive Customers
13505.0,11,4,4393.63,1098.4075,Future Purchase,Moderate Customers
13506.0,255,2,458.52,229.26,No Future Purchase,At-Risk / Inactive Customers
13507.0,37,3,2022.79,674.2633333333333,Future Purchase,High-Value Active Customers
13508.0,182,1,110.97,110.97,No Future Purchase,At-Risk / Inactive Customers
13509.0,38,5,705.02,141.004,Future Purchase,High-Value Active Customers
13510.0,34,2,897.81,448.905,No Future Purchase,High-Value Active Customers
13512.0,199,1,251.21,251.21,No Future Purchase,At-Risk / Inactive Customers
13513.0,65,1,205.1,205.1,No Future Purchase,At-Risk / Inactive Customers
13514.0,12,1,152.20000000000002,152.20000000000002,No Future Purchase,At-Risk / Inactive Customers
13515.0,11,4,891.12,222.78,Future Purchase,Moderate Customers
13516.0,11,2,620.41,310.205,Future Purchase,Moderate Customers
13517.0,45,2,1612.18,806.09,No Future Purchase,Moderate Customers
13518.0,24,1,627.16,627.16,No Future Purchase,At-Risk / Inactive Customers
13519.0,17,1,122.75,122.75,No Future Purchase,At-Risk / Inactive Customers
13520.0,76,5,2947.98,589.596,Future Purchase,Moderate Customers
13523.0,138,3,2369.24,789.7466666666666,Future Purchase,Moderate Customers
13524.0,20,4,483.86,120.965,Future Purchase,Moderate Customers
13525.0,187,1,282.88,282.88,No Future Purchase,Recent Low-Value Customers
13527.0,28,6,1847.79,307.965,Future Purchase,Moderate Customers
13529.0,17,2,307.76,153.88,No Future Purchase,At-Risk / Inactive Customers
13531.0,144,2,483.8,241.9,No Future Purchase,At-Risk / Inactive Customers
13533.0,121,3,269.09,89.69666666666666,No Future Purchase,At-Risk / Inactive Customers
13534.0,46,21,4371.53,208.16809523809522,Future Purchase,High-Value Active Customers
13536.0,14,1,455.17,455.17,No Future Purchase,High-Value Active Customers
13538.0,33,6,990.75,165.125,Future Purchase,Moderate Customers
13539.0,24,3,631.34,210.4466666666667,Future Purchase,Moderate Customers
13544.0,179,1,113.01,113.01,Future Purchase,Recent Low-Value Customers
13546.0,139,1,182.26,182.26,No Future Purchase,Recent Low-Value Customers
13548.0,35,2,678.16,339.08,No Future Purchase,At-Risk / Inactive Customers
13549.0,3,6,832.2,138.70000000000002,Future Purchase,Moderate Customers
13551.0,258,1,91.80000000000001,91.80000000000001,No Future Purchase,At-Risk / Inactive Customers
13552.0,5,12,3740.07,311.6725,Future Purchase,High-Value Active Customers
13555.0,12,4,4098.88,1024.72,Future Purchase,Moderate Customers
13557.0,219,1,240.68,240.68,No Future Purchase,Recent Low-Value Customers
13558.0,0,2,312.71,156.355,Future Purchase,Recent Low-Value Customers
13561.0,154,1,141.85999999999999,141.85999999999999,No Future Purchase,At-Risk / Inactive Customers
13562.0,20,3,1799.33,599.7766666666666,Future Purchase,Moderate Customers
13563.0,23,2,777.53,388.765,No Future Purchase,Moderate Customers
13564.0,83,3,1724.67,574.89,Future Purchase,Moderate Customers
13565.0,273,1,110.17999999999999,110.17999999999999,No Future Purchase,Recent Low-Value Customers
13566.0,21,1,567.31,567.31,No Future Purchase,Moderate Customers
13568.0,112,1,187.05,187.05,No Future Purchase,At-Risk / Inactive Customers
13569.0,306,1,109.82000000000001,109.82000000000001,No Future Purchase,Recent Low-Value Customers
13570.0,182,1,239.49,239.49,No Future Purchase,At-Risk / Inactive Customers
13571.0,7,8,1289.11,161.13875,Future Purchase,High-Value Active Customers
13572.0,144,1,1384.25,1384.25,No Future Purchase,At-Risk / Inactive Customers
13573.0,192,1,31.770000000000003,31.770000000000003,No Future Purchase,At-Risk / Inactive Customers
13575.0,9,3,477.21,159.07,Future Purchase,Moderate Customers
13576.0,10,14,5343.38,381.67,Future Purchase,High-Value Active Customers
13577.0,31,3,1193.8,397.93333333333334,Future Purchase,Moderate Customers
13579.0,308,1,164.70000000000002,164.70000000000002,Future Purchase,Recent Low-Value Customers
13581.0,248,1,118.0,118.0,No Future Purchase,At-Risk / Inactive Customers
13583.0,94,1,781.03,781.03,No Future Purchase,At-Risk / Inactive Customers
13584.0,245,1,142.4,142.4,No Future Purchase,At-Risk / Inactive Customers
13587.0,2,1,712.4,712.4,No Future Purchase,At-Risk / Inactive Customers
13588.0,25,5,1605.94,321.188,Future Purchase,High-Value Active Customers
13589.0,118,1,147.0,147.0,No Future Purchase,Recent Low-Value Customers
13590.0,89,4,1116.38,279.095,Future Purchase,High-Value Active Customers
13591.0,3,3,1117.13,372.3766666666667,Future Purchase,Moderate Customers
13592.0,144,3,205.51,68.50333333333333,No Future Purchase,Recent Low-Value Customers
13593.0,47,5,2011.88,402.37600000000003,Future Purchase,Moderate Customers
13599.0,23,10,2833.88,283.38800000000003,Future Purchase,High-Value Active Customers
13600.0,251,1,219.52,219.52,No Future Purchase,At-Risk / Inactive Customers
13601.0,150,1,373.2,373.2,No Future Purchase,Moderate Customers
13602.0,3,1,428.89,428.89,No Future Purchase,At-Risk / Inactive Customers
13606.0,182,2,246.63,123.315,No Future Purchase,Recent Low-Value Customers
13610.0,49,5,764.76,152.952,Future Purchase,High-Value Active Customers
13611.0,28,3,1154.4,384.8,No Future Purchase,Moderate Customers
13614.0,28,3,1081.03,360.3433333333333,Future Purchase,Moderate Customers
13615.0,257,1,417.69,417.69,No Future Purchase,At-Risk / Inactive Customers
13617.0,52,2,365.7,182.85,No Future Purchase,Moderate Customers
13618.0,112,1,177.34,177.34,No Future Purchase,At-Risk / Inactive Customers
13621.0,55,1,213.85,213.85,No Future Purchase,At-Risk / Inactive Customers
13623.0,149,4,539.17,134.7925,No Future Purchase,Moderate Customers
13626.0,191,1,257.23,257.23,No Future Purchase,At-Risk / Inactive Customers
13627.0,18,4,1334.18,333.545,Future Purchase,Moderate Customers
13629.0,2,9,6255.36,695.04,Future Purchase,High-Value Active Customers
13630.0,14,6,1799.78,299.9633333333333,Future Purchase,High-Value Active Customers
13631.0,38,11,3070.42,279.1290909090909,Future Purchase,Moderate Customers
13632.0,112,3,812.26,270.75333333333333,Future Purchase,Moderate Customers
13634.0,25,4,1344.48,336.12,Future Purchase,Moderate Customers
13635.0,6,1,1071.03,1071.03,No Future Purchase,At-Risk / Inactive Customers
13636.0,61,4,646.55,161.6375,No Future Purchase,Moderate Customers
13637.0,126,2,678.65,339.325,No Future Purchase,Moderate Customers
13639.0,13,1,1033.34,1033.34,No Future Purchase,At-Risk / Inactive Customers
13642.0,154,1,312.28,312.28,No Future Purchase,At-Risk / Inactive Customers
13643.0,37,2,259.40000000000003,129.70000000000002,No Future Purchase,Recent Low-Value Customers
13644.0,12,2,1398.6100000000001,699.3050000000001,No Future Purchase,Moderate Customers
13645.0,59,1,252.1,252.1,No Future Purchase,At-Risk / Inactive Customers
13647.0,10,3,1275.9,425.3,No Future Purchase,Moderate Customers
13649.0,195,2,346.6,173.3,No Future Purchase,At-Risk / Inactive Customers
13650.0,5,5,1538.1000000000001,307.62,Future Purchase,Moderate Customers
13652.0,195,2,638.24,319.12,No Future Purchase,Moderate Customers
13654.0,84,4,1714.27,428.5675,Future Purchase,Moderate Customers
13655.0,53,2,932.97,466.485,No Future Purchase,Moderate Customers
13656.0,103,2,379.65,189.825,No Future Purchase,At-Risk / Inactive Customers
13657.0,140,1,152.34,152.34,No Future Purchase,Recent Low-Value Customers
13658.0,24,3,2096.77,698.9233333333333,Future Purchase,High-Value Active Customers
13659.0,144,2,1563.0,781.5,No Future Purchase,Moderate Customers
13662.0,24,3,881.26,293.75333333333333,Future Purchase,Moderate Customers
13663.0,118,1,189.47,189.47,No Future Purchase,At-Risk / Inactive Customers
13666.0,226,2,64.05,32.025,Future Purchase,At-Risk / Inactive Customers
13667.0,88,1,299.05,299.05,No Future Purchase,At-Risk / Inactive Customers
13668.0,52,16,4900.97,306.310625,Future Purchase,High-Value Active Customers
13669.0,88,1,48.150000000000006,48.150000000000006,No Future Purchase,At-Risk / Inactive Customers
13670.0,14,1,349.7,349.7,No Future Purchase,At-Risk / Inactive Customers
13672.0,240,2,186.39000000000001,93.19500000000001,No Future Purchase,At-Risk / Inactive Customers
13675.0,90,2,486.82000000000005,243.41000000000003,No Future Purchase,At-Risk / Inactive Customers
13678.0,90,1,232.6,232.6,No Future Purchase,At-Risk / Inactive Customers
13680.0,276,2,2391.59,1195.795,No Future Purchase,High-Value Active Customers
13681.0,7,2,531.08,265.54,No Future Purchase,Moderate Customers
13682.0,126,1,59.5,59.5,No Future Purchase,At-Risk / Inactive Customers
13684.0,224,1,65.13,65.13,No Future Purchase,At-Risk / Inactive Customers
13686.0,121,1,72.0,72.0,No Future Purchase,At-Risk / Inactive Customers
13689.0,2,1,910.0,910.0,No Future Purchase,At-Risk / Inactive Customers
13692.0,152,2,871.58,435.79,No Future Purchase,Moderate Customers
13694.0,10,42,51527.06,1226.8347619047618,Future Purchase,High-Value Active Customers
13695.0,2,14,2207.35,157.66785714285714,Future Purchase,High-Value Active Customers
13699.0,94,1,308.58000000000004,308.58000000000004,No Future Purchase,At-Risk / Inactive Customers
13700.0,31,8,1634.77,204.34625,Future Purchase,High-Value Active Customers
13703.0,257,1,99.5,99.5,No Future Purchase,At-Risk / Inactive Customers
13704.0,12,5,1289.4,257.88,Future Purchase,High-Value Active Customers
13705.0,83,2,522.68,261.34,No Future Purchase,Recent Low-Value Customers
13706.0,241,1,330.79,330.79,No Future Purchase,At-Risk / Inactive Customers
13707.0,206,2,806.41,403.205,No Future Purchase,At-Risk / Inactive Customers
13708.0,210,1,285.33,285.33,No Future Purchase,At-Risk / Inactive Customers
13709.0,4,7,3597.83,513.9757142857143,Future Purchase,High-Value Active Customers
13711.0,157,2,252.06,126.03,No Future Purchase,At-Risk / Inactive Customers
13712.0,185,1,228.84,228.84,No Future Purchase,At-Risk / Inactive Customers
13715.0,220,5,1077.39,215.478,No Future Purchase,Moderate Customers
13716.0,208,1,138.28,138.28,No Future Purchase,At-Risk / Inactive Customers
13717.0,67,4,955.99,238.9975,Future Purchase,Moderate Customers
13718.0,185,2,306.55,153.275,No Future Purchase,At-Risk / Inactive Customers
13719.0,144,2,338.74,169.37,No Future Purchase,Moderate Customers
13720.0,55,4,799.9,199.975,Future Purchase,Moderate Customers
13722.0,70,3,2375.41,791.8033333333333,Future Purchase,Moderate Customers
13723.0,156,1,199.85000000000002,199.85000000000002,No Future Purchase,At-Risk / Inactive Customers
13725.0,108,7,1865.7,266.5285714285714,Future Purchase,Moderate Customers
13726.0,39,1,292.68,292.68,No Future Purchase,Moderate Customers
13728.0,46,5,797.02,159.404,Future Purchase,Moderate Customers
13730.0,74,2,752.6,376.3,No Future Purchase,At-Risk / Inactive Customers
13731.0,158,2,610.59,305.295,No Future Purchase,At-Risk / Inactive Customers
13735.0,114,2,1409.69,704.845,No Future Purchase,Moderate Customers
13736.0,199,1,357.53,357.53,No Future Purchase,Recent Low-Value Customers
13737.0,139,1,339.59999999999997,339.59999999999997,No Future Purchase,At-Risk / Inactive Customers
13740.0,179,1,350.75,350.75,No Future Purchase,At-Risk / Inactive Customers
13741.0,10,3,668.4300000000001,222.81000000000003,Future Purchase,Moderate Customers
13742.0,28,11,2775.4700000000003,252.31545454545457,Future Purchase,High-Value Active Customers
13743.0,27,6,1065.84,177.64,Future Purchase,High-Value Active Customers
13744.0,34,2,1080.52,540.26,No Future Purchase,Moderate Customers
13745.0,101,1,300.04,300.04,No Future Purchase,At-Risk / Inactive Customers
13747.0,312,1,79.6,79.6,No Future Purchase,At-Risk / Inactive Customers
13748.0,34,5,948.25,189.65,Future Purchase,Moderate Customers
13750.0,79,4,1316.63,329.1575,Future Purchase,Moderate Customers
13751.0,227,1,296.25,296.25,No Future Purchase,At-Risk / Inactive Customers
13752.0,63,6,1175.38,195.89666666666668,Future Purchase,Moderate Customers
13753.0,226,1,741.26,741.26,No Future Purchase,At-Risk / Inactive Customers
13754.0,90,2,282.59999999999997,141.29999999999998,No Future Purchase,At-Risk / Inactive Customers
13755.0,2,1,462.81,462.81,No Future Purchase,High-Value Active Customers
13756.0,32,8,2972.3300000000004,371.54125000000005,Future Purchase,High-Value Active Customers
13758.0,140,5,2351.52,470.304,No Future Purchase,High-Value Active Customers
13759.0,10,1,560.4100000000001,560.4100000000001,No Future Purchase,Recent Low-Value Customers
13760.0,195,1,135.09,135.09,No Future Purchase,At-Risk / Inactive Customers
13761.0,118,1,491.71000000000004,491.71000000000004,No Future Purchase,Moderate Customers
13762.0,157,1,306.72,306.72,No Future Purchase,At-Risk / Inactive Customers
13763.0,2,1,1714.96,1714.96,No Future Purchase,Moderate Customers
13764.0,9,3,1519.42,506.47333333333336,Future Purchase,Moderate Customers
13767.0,19,33,13303.37,403.1324242424243,Future Purchase,High-Value Active Customers
13769.0,31,8,2176.62,272.0775,Future Purchase,High-Value Active Customers
13771.0,3,4,2634.45,658.6125,Future Purchase,Moderate Customers
13772.0,35,2,682.97,341.485,Future Purchase,Moderate Customers
13774.0,20,1,345.0,345.0,No Future Purchase,At-Risk / Inactive Customers
13777.0,16,27,13021.5,482.27777777777777,Future Purchase,High-Value Active Customers
13778.0,42,1,178.7,178.7,No Future Purchase,At-Risk / Inactive Customers
13780.0,109,1,116.28000000000002,116.28000000000002,No Future Purchase,Recent Low-Value Customers
13781.0,189,1,127.84,127.84,No Future Purchase,At-Risk / Inactive Customers
13782.0,7,4,627.3,156.825,Future Purchase,Moderate Customers
13784.0,33,9,2124.15,236.01666666666668,Future Purchase,High-Value Active Customers
13786.0,306,1,230.39999999999998,230.39999999999998,No Future Purchase,At-Risk / Inactive Customers
13787.0,14,2,309.04,154.52,No Future Purchase,At-Risk / Inactive Customers
13791.0,66,2,1516.0,758.0,No Future Purchase,Moderate Customers
13792.0,5,2,195.55,97.775,No Future Purchase,At-Risk / Inactive Customers
13798.0,2,47,32260.3,686.3893617021276,Future Purchase,High-Value Active Customers
13799.0,55,2,688.86,344.43,No Future Purchase,At-Risk / Inactive Customers
13800.0,248,1,558.32,558.32,No Future Purchase,At-Risk / Inactive Customers
13801.0,5,1,324.8,324.8,No Future Purchase,At-Risk / Inactive Customers
13802.0,77,3,4599.42,1533.14,Future Purchase,Moderate Customers
13803.0,194,1,277.07,277.07,No Future Purchase,At-Risk / Inactive Customers
13804.0,17,5,2235.58,447.116,Future Purchase,Moderate Customers
13805.0,68,1,500.24,500.24,Future Purchase,Moderate Customers
13806.0,2,1,256.38,256.38,No Future Purchase,At-Risk / Inactive Customers
13807.0,306,1,112.6,112.6,No Future Purchase,At-Risk / Inactive Customers
13808.0,4,3,1362.4,454.1333333333334,Future Purchase,High-Value Active Customers
13809.0,244,1,155.05,155.05,No Future Purchase,At-Risk / Inactive Customers
13811.0,122,3,814.5,271.5,Future Purchase,Moderate Customers
13812.0,3,2,418.62,209.31,No Future Purchase,Moderate Customers
13813.0,9,3,959.32,319.77333333333337,Future Purchase,Moderate Customers
13814.0,31,2,1579.12,789.56,Future Purchase,Moderate Customers
13815.0,111,2,2977.75,1488.875,No Future Purchase,Moderate Customers
13816.0,3,1,371.69,371.69,No Future Purchase,Recent Low-Value Customers
13817.0,290,1,128.7,128.7,No Future Purchase,Recent Low-Value Customers
13819.0,240,3,1140.35,380.1166666666666,Future Purchase,Moderate Customers
13821.0,83,2,385.64,192.82,No Future Purchase,At-Risk / Inactive Customers
13823.0,30,1,650.42,650.42,No Future Purchase,Recent Low-Value Customers
13824.0,74,4,1429.84,357.46,Future Purchase,Moderate Customers
13826.0,115,1,189.5,189.5,No Future Purchase,At-Risk / Inactive Customers
13827.0,72,2,300.76,150.38,No Future Purchase,Moderate Customers
13831.0,26,5,1791.05,358.21,Future Purchase,High-Value Active Customers
13833.0,98,1,383.85,383.85,No Future Purchase,At-Risk / Inactive Customers
13835.0,94,2,537.34,268.67,No Future Purchase,Moderate Customers
13837.0,150,2,266.59000000000003,133.29500000000002,No Future Purchase,At-Risk / Inactive Customers
13838.0,56,3,467.54,155.84666666666666,Future Purchase,Recent Low-Value Customers
13841.0,191,1,85.0,85.0,No Future Purchase,At-Risk / Inactive Customers
13842.0,11,8,2803.93,350.49125,Future Purchase,Moderate Customers
13845.0,3,1,312.98,312.98,No Future Purchase,At-Risk / Inactive Customers
13846.0,181,2,663.9300000000001,331.96500000000003,No Future Purchase,Moderate Customers
13848.0,31,3,1255.0,418.3333333333333,No Future Purchase,Moderate Customers
13849.0,109,1,593.5799999999999,593.5799999999999,No Future Purchase,Moderate Customers
13850.0,68,1,1595.48,1595.48,No Future Purchase,Moderate Customers
13851.0,34,3,2651.46,883.82,Future Purchase,Moderate Customers
13854.0,4,22,7088.12,322.1872727272727,Future Purchase,High-Value Active Customers
13856.0,107,3,388.5,129.5,No Future Purchase,At-Risk / Inactive Customers
13859.0,265,1,201.16,201.16,No Future Purchase,At-Risk / Inactive Customers
13860.0,25,1,405.88,405.88,No Future Purchase,High-Value Active Customers
13862.0,11,7,2089.7,298.5285714285714,Future Purchase,High-Value Active Customers
13863.0,186,1,305.78,305.78,No Future Purchase,At-Risk / Inactive Customers
13865.0,75,3,383.34000000000003,127.78000000000002,No Future Purchase,Moderate Customers
13866.0,13,1,145.67000000000002,145.67000000000002,No Future Purchase,At-Risk / Inactive Customers
13867.0,13,2,582.64,291.32,Future Purchase,Moderate Customers
13869.0,62,4,3083.65,770.9125,Future Purchase,Moderate Customers
13870.0,40,5,2179.4700000000003,435.89400000000006,Future Purchase,High-Value Active Customers
13871.0,31,9,4612.64,512.5155555555556,Future Purchase,High-Value Active Customers
13873.0,58,3,389.6,129.86666666666667,No Future Purchase,At-Risk / Inactive Customers
13874.0,297,1,540.45,540.45,No Future Purchase,At-Risk / Inactive Customers
13875.0,72,4,1424.8,356.2,Future Purchase,Moderate Customers
13876.0,2,1,122.7,122.7,No Future Purchase,At-Risk / Inactive Customers
13877.0,25,1,117.24,117.24,No Future Purchase,At-Risk / Inactive Customers
13880.0,26,11,2501.02,227.36545454545455,Future Purchase,High-Value Active Customers
13881.0,5,13,11621.34,893.9492307692308,Future Purchase,High-Value Active Customers
13882.0,3,1,192.76,192.76,No Future Purchase,High-Value Active Customers
13883.0,157,4,1742.78,435.695,Future Purchase,High-Value Active Customers
13884.0,28,4,540.5,135.125,Future Purchase,Recent Low-Value Customers
13885.0,128,2,506.8,253.4,No Future Purchase,At-Risk / Inactive Customers
13886.0,10,1,243.56,243.56,No Future Purchase,At-Risk / Inactive Customers
13887.0,143,1,349.55,349.55,No Future Purchase,At-Risk / Inactive Customers
13888.0,58,2,595.67,297.835,No Future Purchase,At-Risk / Inactive Customers
13889.0,31,1,416.90000000000003,416.90000000000003,No Future Purchase,At-Risk / Inactive Customers
13890.0,46,2,501.11,250.555,No Future Purchase,High-Value Active Customers
13892.0,3,2,395.73,197.865,No Future Purchase,Moderate Customers
13893.0,236,1,821.1,821.1,No Future Purchase,At-Risk / Inactive Customers
13894.0,249,1,160.85,160.85,No Future Purchase,Recent Low-Value Customers
13895.0,5,3,1911.1100000000001,637.0366666666667,Future Purchase,Moderate Customers
13898.0,264,1,155.93,155.93,No Future Purchase,At-Risk / Inactive Customers
13899.0,213,1,298.5,298.5,No Future Purchase,Recent Low-Value Customers
13900.0,122,3,740.95,246.98333333333335,Future Purchase,Moderate Customers
13901.0,11,5,2867.2,573.4399999999999,Future Purchase,Moderate Customers
13904.0,233,1,201.12,201.12,No Future Purchase,Recent Low-Value Customers
13908.0,18,4,2369.55,592.3875,Future Purchase,Moderate Customers
13911.0,83,8,2437.63,304.70375,Future Purchase,Moderate Customers
13917.0,130,1,65.38,65.38,No Future Purchase,At-Risk / Inactive Customers
13918.0,192,1,198.2,198.2,No Future Purchase,Moderate Customers
13919.0,60,1,213.15,213.15,No Future Purchase,At-Risk / Inactive Customers
13922.0,290,1,172.25,172.25,No Future Purchase,At-Risk / Inactive Customers
13924.0,11,1,679.03,679.03,No Future Purchase,High-Value Active Customers
13925.0,31,4,678.25,169.5625,Future Purchase,Moderate Customers
13927.0,13,1,348.99,348.99,No Future Purchase,At-Risk / Inactive Customers
13928.0,45,2,225.45000000000002,112.72500000000001,No Future Purchase,Recent Low-Value Customers
13929.0,108,2,842.65,421.325,No Future Purchase,At-Risk / Inactive Customers
13930.0,75,1,210.0,210.0,No Future Purchase,At-Risk / Inactive Customers
13931.0,34,2,1237.53,618.765,No Future Purchase,Moderate Customers
13932.0,233,1,307.4,307.4,No Future Purchase,At-Risk / Inactive Customers
13933.0,48,2,608.7900000000001,304.39500000000004,No Future Purchase,At-Risk / Inactive Customers
13934.0,202,1,922.1,922.1,No Future Purchase,At-Risk / Inactive Customers
13936.0,118,1,376.58,376.58,No Future Purchase,At-Risk / Inactive Customers
13937.0,108,1,158.85,158.85,No Future Purchase,At-Risk / Inactive Customers
13939.0,47,2,390.21,195.105,No Future Purchase,Recent Low-Value Customers
13940.0,3,3,616.3,205.4333333333333,Future Purchase,Recent Low-Value Customers
13941.0,28,4,3859.3,964.825,Future Purchase,High-Value Active Customers
13946.0,18,3,561.5699999999999,187.18999999999997,Future Purchase,Moderate Customers
13947.0,4,1,90.6,90.6,No Future Purchase,At-Risk / Inactive Customers
13948.0,299,1,102.0,102.0,No Future Purchase,At-Risk / Inactive Customers
13949.0,4,3,1212.17,404.0566666666667,Future Purchase,High-Value Active Customers
13950.0,12,2,323.65999999999997,161.82999999999998,No Future Purchase,Recent Low-Value Customers
13951.0,115,3,674.45,224.8166666666667,Future Purchase,Moderate Customers
13952.0,156,2,3251.071,1625.5355,No Future Purchase,Moderate Customers
13953.0,54,5,2604.36,520.8720000000001,Future Purchase,High-Value Active Customers
13954.0,9,1,227.41,227.41,No Future Purchase,Recent Low-Value Customers
13955.0,93,2,322.96,161.48,No Future Purchase,At-Risk / Inactive Customers
13956.0,77,3,676.07,225.35666666666668,Future Purchase,Recent Low-Value Customers
13959.0,18,3,594.04,198.01333333333332,Future Purchase,Moderate Customers
13960.0,10,1,128.1,128.1,No Future Purchase,Recent Low-Value Customers
13962.0,184,1,117.6,117.6,No Future Purchase,Recent Low-Value Customers
13963.0,247,4,664.54,166.135,No Future Purchase,Moderate Customers
13967.0,84,1,80.7,80.7,No Future Purchase,At-Risk / Inactive Customers
13969.0,46,11,3883.23,353.0209090909091,Future Purchase,High-Value Active Customers
13971.0,45,6,1985.9,330.98333333333335,Future Purchase,High-Value Active Customers
13972.0,9,2,190.25,95.125,No Future Purchase,At-Risk / Inactive Customers
13973.0,226,1,264.7,264.7,No Future Purchase,At-Risk / Inactive Customers
13975.0,67,4,1466.67,366.6675,Future Purchase,Moderate Customers
13976.0,145,1,357.98,357.98,No Future Purchase,At-Risk / Inactive Customers
13979.0,12,1,869.87,869.87,No Future Purchase,At-Risk / Inactive Customers
13982.0,102,3,1230.1399999999999,410.0466666666666,Future Purchase,Moderate Customers
13983.0,27,9,2063.54,229.28222222222223,Future Purchase,High-Value Active Customers
13984.0,65,4,819.33,204.8325,Future Purchase,Moderate Customers
13985.0,10,8,3791.26,473.9075,Future Purchase,High-Value Active Customers
13988.0,11,4,3185.31,796.3275,Future Purchase,High-Value Active Customers
13989.0,4,2,1266.08,633.04,No Future Purchase,Moderate Customers
13990.0,152,1,311.3,311.3,No Future Purchase,At-Risk / Inactive Customers
13991.0,14,2,337.2,168.6,Future Purchase,Moderate Customers
13993.0,3,8,3092.71,386.58875,Future Purchase,High-Value Active Customers
13994.0,6,4,1549.74,387.435,Future Purchase,High-Value Active Customers
13995.0,54,3,871.9,290.6333333333333,Future Purchase,Moderate Customers
13999.0,3,10,3177.41,317.741,Future Purchase,High-Value Active Customers
14000.0,150,1,635.66,635.66,No Future Purchase,At-Risk / Inactive Customers
14001.0,171,2,1309.14,654.57,No Future Purchase,Moderate Customers
14002.0,73,2,529.73,264.865,No Future Purchase,At-Risk / Inactive Customers
14004.0,17,6,3769.4900000000002,628.2483333333333,Future Purchase,Moderate Customers
14005.0,14,4,977.68,244.42,Future Purchase,High-Value Active Customers
14006.0,54,3,962.19,320.73,Future Purchase,Moderate Customers
14009.0,137,2,695.61,347.805,No Future Purchase,At-Risk / Inactive Customers
14012.0,216,1,328.8,328.8,No Future Purchase,At-Risk / Inactive Customers
14013.0,49,3,473.02,157.67333333333332,No Future Purchase,At-Risk / Inactive Customers
14014.0,16,1,505.18,505.18,No Future Purchase,At-Risk / Inactive Customers
14016.0,100,4,4341.21,1085.3025,Future Purchase,Moderate Customers
14019.0,37,2,800.53,400.265,No Future Purchase,Moderate Customers
14020.0,27,1,331.14,331.14,No Future Purchase,Recent Low-Value Customers
14021.0,94,3,631.9,210.63333333333333,Future Purchase,Moderate Customers
14022.0,164,1,440.0,440.0,No Future Purchase,At-Risk / Inactive Customers
14023.0,189,1,273.14,273.14,No Future Purchase,Recent Low-Value Customers
14024.0,60,2,327.7,163.85,No Future Purchase,At-Risk / Inactive Customers
14029.0,2,2,467.66,233.83,No Future Purchase,At-Risk / Inactive Customers
14030.0,28,7,1816.81,259.5442857142857,Future Purchase,High-Value Active Customers
14031.0,6,16,14051.15,878.196875,Future Purchase,High-Value Active Customers
14032.0,26,7,2147.57,306.7957142857143,Future Purchase,High-Value Active Customers
14034.0,96,2,473.90999999999997,236.95499999999998,No Future Purchase,Recent Low-Value Customers
14035.0,46,3,837.26,279.08666666666664,Future Purchase,Moderate Customers
14036.0,223,1,626.65,626.65,No Future Purchase,At-Risk / Inactive Customers
14037.0,115,2,147.20000000000002,73.60000000000001,No Future Purchase,At-Risk / Inactive Customers
14038.0,17,3,1560.38,520.1266666666667,Future Purchase,Moderate Customers
14040.0,0,11,3419.27,310.84272727272725,Future Purchase,High-Value Active Customers
14041.0,205,1,141.41,141.41,No Future Purchase,At-Risk / Inactive Customers
14044.0,42,3,535.71,178.57000000000002,Future Purchase,Moderate Customers
14045.0,48,4,1659.75,414.9375,No Future Purchase,Moderate Customers
14046.0,223,1,154.99,154.99,No Future Purchase,At-Risk / Inactive Customers
14047.0,12,4,957.46,239.365,Future Purchase,Moderate Customers
14048.0,244,1,409.93,409.93,No Future Purchase,At-Risk / Inactive Customers
14049.0,97,3,3244.74,1081.58,Future Purchase,Moderate Customers
14050.0,45,1,485.98,485.98,No Future Purchase,Recent Low-Value Customers
14051.0,7,17,10245.79,602.6935294117648,Future Purchase,High-Value Active Customers
14053.0,63,2,260.25,130.125,No Future Purchase,At-Risk / Inactive Customers
14054.0,4,1,92.46,92.46,No Future Purchase,At-Risk / Inactive Customers
14055.0,45,1,725.6400000000001,725.6400000000001,No Future Purchase,At-Risk / Inactive Customers
14056.0,5,19,6115.06,321.84526315789475,Future Purchase,High-Value Active Customers
14057.0,5,16,5572.5,348.28125,Future Purchase,High-Value Active Customers
14059.0,205,1,183.6,183.6,No Future Purchase,At-Risk / Inactive Customers
14060.0,18,16,5135.6,320.975,Future Purchase,High-Value Active Customers
14062.0,10,11,9225.470000000001,838.679090909091,Future Purchase,High-Value Active Customers
14064.0,52,4,1097.03,274.2575,Future Purchase,Moderate Customers
14066.0,205,1,152.55,152.55,No Future Purchase,At-Risk / Inactive Customers
14067.0,2,2,374.7,187.35,No Future Purchase,At-Risk / Inactive Customers
14068.0,259,1,265.85,265.85,No Future Purchase,At-Risk / Inactive Customers
14071.0,199,2,356.81,178.405,No Future Purchase,High-Value Active Customers
14075.0,200,1,307.92,307.92,No Future Purchase,Recent Low-Value Customers
14076.0,68,1,118.67,118.67,No Future Purchase,At-Risk / Inactive Customers
14077.0,17,4,366.7,91.675,Future Purchase,Moderate Customers
14078.0,40,6,1049.37,174.89499999999998,Future Purchase,Moderate Customers
14079.0,63,1,375.1,375.1,No Future Purchase,At-Risk / Inactive Customers
14081.0,241,2,921.62,460.81,No Future Purchase,At-Risk / Inactive Customers
14082.0,303,1,182.25,182.25,No Future Purchase,At-Risk / Inactive Customers
14083.0,65,7,533.39,76.19857142857143,Future Purchase,High-Value Active Customers
14085.0,80,12,3220.94,268.4116666666667,Future Purchase,High-Value Active Customers
14088.0,67,7,25507.89,3643.9842857142858,Future Purchase,High-Value Active Customers
14090.0,263,1,76.32000000000001,76.32000000000001,No Future Purchase,At-Risk / Inactive Customers
14092.0,6,11,3096.59,281.5081818181818,Future Purchase,High-Value Active Customers
14096.0,6,7,12187.69,1741.0985714285714,Future Purchase,High-Value Active Customers
14099.0,4,9,2673.1,297.0111111111111,Future Purchase,High-Value Active Customers
14100.0,76,1,191.95000000000002,191.95000000000002,No Future Purchase,At-Risk / Inactive Customers
14101.0,12,6,5976.79,996.1316666666667,Future Purchase,Moderate Customers
14104.0,93,2,216.20999999999998,108.10499999999999,No Future Purchase,At-Risk / Inactive Customers
14105.0,178,1,1266.23,1266.23,No Future Purchase,At-Risk / Inactive Customers
14107.0,35,6,2461.94,410.3233333333333,Future Purchase,Moderate Customers
14108.0,40,1,291.33,291.33,No Future Purchase,Recent Low-Value Customers
14109.0,11,1,144.2,144.2,No Future Purchase,At-Risk / Inactive Customers
14110.0,5,8,4470.2300000000005,558.7787500000001,Future Purchase,High-Value Active Customers
14111.0,34,3,295.5,98.5,No Future Purchase,Recent Low-Value Customers
14112.0,69,4,1900.82,475.205,Future Purchase,High-Value Active Customers
14113.0,17,2,926.38,463.19,No Future Purchase,High-Value Active Customers
14114.0,212,2,386.53,193.265,No Future Purchase,At-Risk / Inactive Customers
14116.0,3,3,956.3199999999999,318.7733333333333,Future Purchase,Moderate Customers
14117.0,82,1,90.0,90.0,No Future Purchase,At-Risk / Inactive Customers
14124.0,23,1,419.58000000000004,419.58000000000004,No Future Purchase,At-Risk / Inactive Customers
14125.0,17,1,1295.43,1295.43,No Future Purchase,Moderate Customers
14127.0,61,3,709.71,236.57000000000002,Future Purchase,Moderate Customers
14128.0,194,1,305.54,305.54,No Future Purchase,Moderate Customers
14129.0,34,3,726.23,242.07666666666668,Future Purchase,High-Value Active Customers
14130.0,258,1,480.91,480.91,No Future Purchase,At-Risk / Inactive Customers
14132.0,26,6,1900.2,316.7,Future Purchase,High-Value Active Customers
14133.0,68,3,605.64,201.88,Future Purchase,Moderate Customers
14135.0,14,11,3514.32,319.4836363636364,Future Purchase,High-Value Active Customers
14138.0,2,1,621.71,621.71,No Future Purchase,Recent Low-Value Customers
14141.0,12,2,489.31,244.655,No Future Purchase,Recent Low-Value Customers
14142.0,312,1,311.81,311.81,No Future Purchase,At-Risk / Inactive Customers
14143.0,72,1,115.8,115.8,No Future Purchase,At-Risk / Inactive Customers
14145.0,95,3,2851.2,950.4,Future Purchase,Moderate Customers
14146.0,20,4,2965.84,741.46,Future Purchase,High-Value Active Customers
14147.0,17,2,483.4,241.7,Future Purchase,At-Risk / Inactive Customers
14148.0,172,1,157.2,157.2,No Future Purchase,At-Risk / Inactive Customers
14149.0,159,1,446.62,446.62,No Future Purchase,At-Risk / Inactive Customers
14150.0,298,1,306.18,306.18,No Future Purchase,Recent Low-Value Customers
14152.0,14,2,621.29,310.645,No Future Purchase,Moderate Customers
14154.0,178,2,1345.62,672.81,No Future Purchase,Moderate Customers
14155.0,205,1,118.75,118.75,No Future Purchase,At-Risk / Inactive Customers
14156.0,9,43,104555.87,2431.531860465116,Future Purchase,High-Value Active Customers
14157.0,224,1,269.18,269.18,No Future Purchase,Recent Low-Value Customers
14159.0,20,8,3119.73,389.96625,Future Purchase,High-Value Active Customers
14161.0,154,3,1097.6200000000001,365.8733333333334,Future Purchase,Moderate Customers
14162.0,112,2,289.36,144.68,No Future Purchase,At-Risk / Inactive Customers
14163.0,26,4,2445.91,611.4775,Future Purchase,Moderate Customers
14164.0,9,2,1631.77,815.885,No Future Purchase,Moderate Customers
14165.0,214,1,120.44,120.44,No Future Purchase,At-Risk / Inactive Customers
14167.0,104,3,389.85,129.95000000000002,No Future Purchase,Moderate Customers
14171.0,37,1,363.79,363.79,No Future Purchase,At-Risk / Inactive Customers
14173.0,158,1,114.04,114.04,No Future Purchase,Recent Low-Value Customers
14175.0,110,2,1205.99,602.995,Future Purchase,Moderate Customers
14176.0,236,4,576.9000000000001,144.22500000000002,No Future Purchase,At-Risk / Inactive Customers
14177.0,25,4,549.46,137.365,Future Purchase,Moderate Customers
14178.0,5,4,676.03,169.0075,Future Purchase,High-Value Active Customers
14180.0,30,22,4258.92,193.58727272727273,Future Purchase,High-Value Active Customers
14184.0,5,1,452.89,452.89,No Future Purchase,At-Risk / Inactive Customers
14185.0,270,1,197.65,197.65,No Future Purchase,At-Risk / Inactive Customers
14188.0,10,5,1717.96,343.592,Future Purchase,Moderate Customers
14189.0,35,11,3267.92,297.08363636363634,Future Purchase,High-Value Active Customers
14191.0,19,8,2525.29,315.66125,Future Purchase,High-Value Active Customers
14193.0,6,2,853.39,426.695,No Future Purchase,Moderate Customers
14194.0,14,14,6975.96,498.28285714285715,Future Purchase,High-Value Active Customers
14195.0,140,2,1012.0,506.0,No Future Purchase,At-Risk / Inactive Customers
14196.0,45,1,335.52,335.52,No Future Purchase,At-Risk / Inactive Customers
14198.0,25,3,528.8,176.26666666666665,Future Purchase,Recent Low-Value Customers
14199.0,157,1,185.39999999999998,185.39999999999998,No Future Purchase,At-Risk / Inactive Customers
14201.0,19,6,627.14,104.52333333333333,Future Purchase,Moderate Customers
14205.0,203,1,222.9,222.9,No Future Purchase,Recent Low-Value Customers
14206.0,178,1,328.15999999999997,328.15999999999997,No Future Purchase,At-Risk / Inactive Customers
14208.0,33,1,151.74,151.74,No Future Purchase,At-Risk / Inactive Customers
14209.0,60,5,1876.33,375.26599999999996,Future Purchase,High-Value Active Customers
14210.0,44,6,1905.8400000000001,317.64000000000004,Future Purchase,Moderate Customers
14211.0,19,7,1339.09,191.29857142857142,Future Purchase,Moderate Customers
14212.0,28,1,1070.48,1070.48,No Future Purchase,At-Risk / Inactive Customers
14214.0,95,3,899.16,299.71999999999997,Future Purchase,Moderate Customers
14215.0,16,5,1343.91,268.78200000000004,Future Purchase,High-Value Active Customers
14217.0,13,12,1469.67,122.47250000000001,Future Purchase,High-Value Active Customers
14220.0,186,2,632.4,316.2,No Future Purchase,At-Risk / Inactive Customers
14221.0,19,8,3088.89,386.11125,Future Purchase,High-Value Active Customers
14222.0,116,1,683.17,683.17,No Future Purchase,At-Risk / Inactive Customers
14223.0,31,3,991.13,330.37666666666667,Future Purchase,Moderate Customers
14224.0,49,4,1009.73,252.4325,Future Purchase,Moderate Customers
14226.0,9,3,1877.77,625.9233333333333,Future Purchase,Moderate Customers
14227.0,24,9,3031.9,336.8777777777778,Future Purchase,High-Value Active Customers
14229.0,230,2,762.13,381.065,No Future Purchase,Moderate Customers
14231.0,122,3,925.71,308.57,No Future Purchase,Moderate Customers
14232.0,54,4,1573.33,393.3325,Future Purchase,Moderate Customers
14233.0,150,3,959.1,319.7,Future Purchase,Moderate Customers
14235.0,14,5,3144.86,628.972,Future Purchase,Moderate Customers
14236.0,19,2,490.86,245.43,Future Purchase,At-Risk / Inactive Customers
14237.0,312,1,161.0,161.0,No Future Purchase,At-Risk / Inactive Customers
14238.0,265,1,146.85,146.85,No Future Purchase,At-Risk / Inactive Customers
14239.0,10,10,2219.39,221.939,Future Purchase,High-Value Active Customers
14240.0,164,1,226.85,226.85,No Future Purchase,Recent Low-Value Customers
14241.0,122,1,213.70000000000002,213.70000000000002,No Future Purchase,At-Risk / Inactive Customers
14242.0,173,2,280.55,140.275,No Future Purchase,At-Risk / Inactive Customers
14243.0,34,8,2305.95,288.24375,Future Purchase,High-Value Active Customers
14245.0,158,2,1693.45,846.725,No Future Purchase,Moderate Customers
14246.0,49,3,1474.06,491.3533333333333,Future Purchase,Moderate Customers
14247.0,217,1,136.76999999999998,136.76999999999998,No Future Purchase,At-Risk / Inactive Customers
14248.0,257,1,302.58,302.58,No Future Purchase,At-Risk / Inactive Customers
14250.0,28,1,1228.83,1228.83,Future Purchase,Recent Low-Value Customers
14256.0,199,2,969.0600000000001,484.53000000000003,No Future Purchase,At-Risk / Inactive Customers
14257.0,3,5,3099.7200000000003,619.9440000000001,Future Purchase,Moderate Customers
14258.0,28,8,11298.380000000001,1412.2975000000001,Future Purchase,High-Value Active Customers
14259.0,80,1,120.0,120.0,No Future Purchase,At-Risk / Inactive Customers
14261.0,17,1,943.75,943.75,No Future Purchase,Moderate Customers
14262.0,23,4,1379.3,344.825,Future Purchase,High-Value Active Customers
14264.0,93,2,333.97,166.985,No Future Purchase,At-Risk / Inactive Customers
14265.0,48,2,530.18,265.09,No Future Purchase,At-Risk / Inactive Customers
14267.0,101,3,1516.24,505.41333333333336,Future Purchase,Moderate Customers
14270.0,270,1,492.65000000000003,492.65000000000003,No Future Purchase,At-Risk / Inactive Customers
14271.0,164,1,112.32,112.32,No Future Purchase,At-Risk / Inactive Customers
14272.0,12,2,437.96,218.98,No Future Purchase,At-Risk / Inactive Customers
14273.0,75,3,450.05,150.01666666666668,No Future Purchase,Moderate Customers
14276.0,37,3,1119.74,373.24666666666667,Future Purchase,Moderate Customers
14277.0,151,1,1629.03,1629.03,Future Purchase,Moderate Customers
14280.0,135,1,134.04,134.04,No Future Purchase,At-Risk / Inactive Customers
14282.0,20,10,2768.84,276.884,Future Purchase,High-Value Active Customers
14284.0,25,1,252.1,252.1,No Future Purchase,Recent Low-Value Customers
14285.0,14,2,1253.43,626.715,Future Purchase,Moderate Customers
14286.0,181,1,2050.08,2050.08,No Future Purchase,Moderate Customers
14287.0,137,2,83.28,41.64,No Future Purchase,Recent Low-Value Customers
14288.0,152,1,426.6,426.6,No Future Purchase,At-Risk / Inactive Customers
14289.0,73,5,832.78,166.55599999999998,Future Purchase,Recent Low-Value Customers
14290.0,6,3,1799.6000000000001,599.8666666666667,Future Purchase,High-Value Active Customers
14291.0,5,8,2965.96,370.745,Future Purchase,High-Value Active Customers
14292.0,27,5,3143.9500000000003,628.7900000000001,Future Purchase,High-Value Active Customers
14293.0,86,3,739.41,246.47,Future Purchase,Recent Low-Value Customers
14297.0,213,1,232.6,232.6,No Future Purchase,Moderate Customers
14298.0,11,41,44237.46,1078.9624390243903,Future Purchase,High-Value Active Customers
14299.0,17,6,2843.49,473.91499999999996,Future Purchase,High-Value Active Customers
14301.0,56,1,640.14,640.14,No Future Purchase,At-Risk / Inactive Customers
14304.0,161,1,383.45,383.45,No Future Purchase,At-Risk / Inactive Customers
14305.0,10,3,1858.96,619.6533333333333,No Future Purchase,Moderate Customers
14306.0,24,1,1702.94,1702.94,Future Purchase,Moderate Customers
14307.0,27,6,2995.72,499.28666666666663,Future Purchase,Moderate Customers
14309.0,32,7,1633.7,233.3857142857143,Future Purchase,High-Value Active Customers
14311.0,181,1,310.26,310.26,No Future Purchase,At-Risk / Inactive Customers
14312.0,30,5,1047.19,209.43800000000002,Future Purchase,Moderate Customers
14314.0,45,1,120.0,120.0,No Future Purchase,At-Risk / Inactive Customers
14315.0,68,5,1550.15,310.03000000000003,Future Purchase,Moderate Customers
14317.0,3,1,508.58000000000004,508.58000000000004,No Future Purchase,At-Risk / Inactive Customers
14320.0,145,2,477.79,238.895,No Future Purchase,At-Risk / Inactive Customers
14321.0,12,4,1230.59,307.6475,Future Purchase,Moderate Customers
14323.0,53,2,605.0600000000001,302.53000000000003,No Future Purchase,At-Risk / Inactive Customers
14326.0,181,1,183.85,183.85,No Future Purchase,At-Risk / Inactive Customers
14327.0,102,1,311.65,311.65,No Future Purchase,At-Risk / Inactive Customers
14329.0,47,4,3485.03,871.2575,Future Purchase,High-Value Active Customers
14331.0,63,2,462.65999999999997,231.32999999999998,Future Purchase,At-Risk / Inactive Customers
14332.0,5,2,559.24,279.62,No Future Purchase,Recent Low-Value Customers
14333.0,6,1,415.2,415.2,No Future Purchase,At-Risk / Inactive Customers
14334.0,32,7,2328.71,332.67285714285714,Future Purchase,High-Value Active Customers
14335.0,35,1,347.5,347.5,No Future Purchase,Recent Low-Value Customers
14336.0,137,3,1114.39,371.46333333333337,Future Purchase,Moderate Customers
14338.0,100,2,588.22,294.11,No Future Purchase,At-Risk / Inactive Customers
14339.0,181,1,309.52,309.52,No Future Purchase,At-Risk / Inactive Customers
14340.0,157,1,134.7,134.7,No Future Purchase,At-Risk / Inactive Customers
14341.0,69,6,1139.52,189.92,Future Purchase,Moderate Customers
14342.0,76,2,419.74,209.87,No Future Purchase,Recent Low-Value Customers
14344.0,66,8,889.9300000000001,111.24125000000001,Future Purchase,Moderate Customers
14346.0,59,2,1021.58,510.79,No Future Purchase,Moderate Customers
14348.0,199,1,409.57,409.57,No Future Purchase,At-Risk / Inactive Customers
14350.0,213,1,282.93,282.93,No Future Purchase,At-Risk / Inactive Customers
14351.0,103,1,51.0,51.0,No Future Purchase,At-Risk / Inactive Customers
14352.0,96,4,1078.96,269.74,Future Purchase,Moderate Customers
14353.0,154,1,90.6,90.6,No Future Purchase,At-Risk / Inactive Customers
14355.0,304,1,174.4,174.4,No Future Purchase,At-Risk / Inactive Customers
14356.0,18,2,701.23,350.615,No Future Purchase,Moderate Customers
14359.0,26,1,483.39,483.39,No Future Purchase,Recent Low-Value Customers
14360.0,6,3,1907.08,635.6933333333333,Future Purchase,Moderate Customers
14364.0,47,8,3717.35,464.66875,Future Purchase,Moderate Customers
14367.0,14,12,6916.24,576.3533333333334,Future Purchase,High-Value Active Customers
14368.0,258,1,155.0,155.0,No Future Purchase,At-Risk / Inactive Customers
14371.0,234,1,100.5,100.5,No Future Purchase,At-Risk / Inactive Customers
14373.0,297,1,76.55,76.55,No Future Purchase,At-Risk / Inactive Customers
14375.0,124,1,235.56,235.56,No Future Purchase,At-Risk / Inactive Customers
14377.0,130,2,617.05,308.525,No Future Purchase,At-Risk / Inactive Customers
14379.0,234,1,110.98,110.98,No Future Purchase,Recent Low-Value Customers
14383.0,3,2,917.81,458.905,No Future Purchase,Moderate Customers
14386.0,235,1,142.4,142.4,No Future Purchase,At-Risk / Inactive Customers
14387.0,13,2,929.74,464.87,No Future Purchase,Moderate Customers
14388.0,30,6,2277.77,379.62833333333333,Future Purchase,High-Value Active Customers
14389.0,4,2,1043.46,521.73,No Future Purchase,Moderate Customers
14390.0,83,4,1590.71,397.6775,Future Purchase,High-Value Active Customers
14393.0,157,1,67.95,67.95,No Future Purchase,At-Risk / Inactive Customers
14395.0,17,7,2610.38,372.9114285714286,Future Purchase,High-Value Active Customers
14396.0,4,2,487.99,243.995,No Future Purchase,At-Risk / Inactive Customers
14397.0,18,11,1089.24,99.02181818181818,Future Purchase,High-Value Active Customers
14400.0,88,1,574.7,574.7,No Future Purchase,At-Risk / Inactive Customers
14401.0,19,11,3384.88,307.71636363636367,Future Purchase,High-Value Active Customers
14403.0,69,4,1475.81,368.9525,Future Purchase,Moderate Customers
14404.0,47,5,1322.52,264.504,Future Purchase,Moderate Customers
14406.0,58,1,156.75,156.75,No Future Purchase,At-Risk / Inactive Customers
14407.0,46,6,2157.73,359.62166666666667,Future Purchase,Moderate Customers
14408.0,33,6,2290.81,381.8016666666667,Future Purchase,High-Value Active Customers
14409.0,10,6,2059.4500000000003,343.24166666666673,Future Purchase,Moderate Customers
14410.0,31,9,1100.27,122.25222222222222,Future Purchase,Moderate Customers
14411.0,249,1,1063.0,1063.0,No Future Purchase,At-Risk / Inactive Customers
14412.0,11,1,462.45,462.45,No Future Purchase,Moderate Customers
14413.0,301,1,121.05,121.05,No Future Purchase,At-Risk / Inactive Customers
14414.0,30,7,1496.98,213.8542857142857,Future Purchase,Moderate Customers
14415.0,0,10,4047.2400000000002,404.72400000000005,Future Purchase,High-Value Active Customers
14418.0,47,1,150.44,150.44,No Future Purchase,Recent Low-Value Customers
14419.0,12,3,540.79,180.26333333333332,Future Purchase,Moderate Customers
14420.0,38,1,387.52,387.52,No Future Purchase,At-Risk / Inactive Customers
14421.0,150,1,455.18,455.18,No Future Purchase,Moderate Customers
14422.0,9,3,2318.13,772.71,Future Purchase,High-Value Active Customers
14423.0,157,1,265.2,265.2,No Future Purchase,At-Risk / Inactive Customers
14426.0,79,6,2885.58,480.93,Future Purchase,High-Value Active Customers
14427.0,2,1,321.74,321.74,No Future Purchase,Recent Low-Value Customers
14428.0,18,3,534.12,178.04,Future Purchase,Recent Low-Value Customers
14431.0,241,1,470.36,470.36,No Future Purchase,At-Risk / Inactive Customers
14432.0,7,2,555.9,277.95,No Future Purchase,High-Value Active Customers
14434.0,4,2,410.40000000000003,205.20000000000002,No Future Purchase,Moderate Customers
14436.0,37,1,89.06,89.06,No Future Purchase,At-Risk / Inactive Customers
14437.0,304,1,63.0,63.0,No Future Purchase,At-Risk / Inactive Customers
14438.0,245,1,131.9,131.9,No Future Purchase,At-Risk / Inactive Customers
14439.0,258,1,2661.24,2661.24,No Future Purchase,Moderate Customers
14440.0,11,3,1558.73,519.5766666666667,Future Purchase,High-Value Active Customers
14441.0,33,2,697.4000000000001,348.70000000000005,No Future Purchase,High-Value Active Customers
14442.0,143,2,1589.82,794.91,No Future Purchase,Moderate Customers
14443.0,77,3,991.52,330.50666666666666,Future Purchase,Moderate Customers
14446.0,19,2,674.56,337.28,No Future Purchase,Recent Low-Value Customers
14447.0,135,2,601.03,300.515,No Future Purchase,Moderate Customers
14448.0,303,1,102.35000000000001,102.35000000000001,No Future Purchase,Recent Low-Value Customers
14449.0,3,3,698.47,232.82333333333335,Future Purchase,Moderate Customers
14450.0,119,3,483.25,161.08333333333334,No Future Purchase,At-Risk / Inactive Customers
14451.0,133,1,360.0,360.0,No Future Purchase,Moderate Customers
14452.0,32,1,127.37,127.37,No Future Purchase,Recent Low-Value Customers
14453.0,129,1,119.93,119.93,No Future Purchase,At-Risk / Inactive Customers
14456.0,12,5,1820.82,364.164,Future Purchase,High-Value Active Customers
14457.0,249,1,113.64,113.64,No Future Purchase,At-Risk / Inactive Customers
14459.0,94,1,1837.92,1837.92,No Future Purchase,Moderate Customers
14460.0,49,3,434.34,144.78,No Future Purchase,At-Risk / Inactive Customers
14461.0,87,3,2103.06,701.02,Future Purchase,Moderate Customers
14462.0,5,11,1980.57,180.05181818181816,Future Purchase,Moderate Customers
14463.0,37,3,529.62,176.54,Future Purchase,Moderate Customers
14465.0,185,3,1038.44,346.1466666666667,Future Purchase,Moderate Customers
14466.0,12,6,1785.65,297.60833333333335,Future Purchase,Moderate Customers
14467.0,251,1,131.7,131.7,No Future Purchase,Recent Low-Value Customers
14470.0,226,1,297.64,297.64,No Future Purchase,Recent Low-Value Customers
14472.0,42,8,1852.67,231.58375,Future Purchase,Moderate Customers
14473.0,13,2,234.34000000000003,117.17000000000002,No Future Purchase,At-Risk / Inactive Customers
14475.0,10,3,925.85,308.6166666666667,No Future Purchase,Moderate Customers
14476.0,196,1,193.0,193.0,No Future Purchase,At-Risk / Inactive Customers
14477.0,123,2,523.0,261.5,No Future Purchase,Moderate Customers
14479.0,192,2,316.25,158.125,No Future Purchase,At-Risk / Inactive Customers
14481.0,103,2,636.51,318.255,No Future Purchase,At-Risk / Inactive Customers
14482.0,38,2,465.95000000000005,232.97500000000002,Future Purchase,Moderate Customers
14483.0,220,1,137.1,137.1,No Future Purchase,At-Risk / Inactive Customers
14487.0,21,4,816.61,204.1525,Future Purchase,Moderate Customers
14488.0,6,1,1064.28,1064.28,No Future Purchase,At-Risk / Inactive Customers
14489.0,146,1,463.38,463.38,No Future Purchase,At-Risk / Inactive Customers
14491.0,114,2,340.93,170.465,No Future Purchase,At-Risk / Inactive Customers
14493.0,94,1,611.22,611.22,No Future Purchase,High-Value Active Customers
14495.0,60,1,40.599999999999994,40.599999999999994,No Future Purchase,At-Risk / Inactive Customers
14496.0,250,2,538.8100000000001,269.40500000000003,No Future Purchase,At-Risk / Inactive Customers
14497.0,248,1,475.37,475.37,No Future Purchase,At-Risk / Inactive Customers
14498.0,55,4,1281.79,320.4475,Future Purchase,Moderate Customers
14499.0,72,2,367.81,183.905,No Future Purchase,Moderate Customers
14500.0,27,3,356.85,118.95,Future Purchase,At-Risk / Inactive Customers
14501.0,122,2,251.21,125.605,No Future Purchase,At-Risk / Inactive Customers
14502.0,7,8,1627.86,203.4825,Future Purchase,High-Value Active Customers
14503.0,9,2,1284.45,642.225,No Future Purchase,High-Value Active Customers
14504.0,182,3,542.71,180.90333333333334,Future Purchase,Moderate Customers
14505.0,48,6,4222.74,703.79,Future Purchase,High-Value Active Customers
14506.0,5,4,1484.68,371.17,Future Purchase,Moderate Customers
14507.0,40,4,924.6899999999999,231.17249999999999,Future Purchase,Moderate Customers
14508.0,28,1,137.56,137.56,No Future Purchase,Recent Low-Value Customers
14511.0,4,3,648.3299999999999,216.10999999999999,Future Purchase,Moderate Customers
14512.0,126,2,275.28,137.64,No Future Purchase,At-Risk / Inactive Customers
14513.0,39,3,455.59000000000003,151.86333333333334,No Future Purchase,At-Risk / Inactive Customers
14514.0,0,3,990.2,330.06666666666666,Future Purchase,Moderate Customers
14515.0,5,3,1323.87,441.28999999999996,Future Purchase,Moderate Customers
14517.0,80,1,252.45,252.45,No Future Purchase,Recent Low-Value Customers
14518.0,3,1,174.37,174.37,No Future Purchase,At-Risk / Inactive Customers
14520.0,229,1,165.0,165.0,No Future Purchase,Recent Low-Value Customers
14522.0,10,3,831.5,277.1666666666667,Future Purchase,Moderate Customers
14523.0,47,1,241.09,241.09,No Future Purchase,At-Risk / Inactive Customers
14524.0,10,8,1731.93,216.49125,Future Purchase,Moderate Customers
14525.0,39,7,2820.29,402.8985714285714,Future Purchase,High-Value Active Customers
14527.0,3,44,6003.41,136.44113636363636,Future Purchase,High-Value Active Customers
14529.0,16,2,338.14,169.07,Future Purchase,Moderate Customers
14530.0,32,5,2482.32,496.46400000000006,Future Purchase,Moderate Customers
14532.0,175,4,932.85,233.2125,Future Purchase,Moderate Customers
14533.0,3,5,1773.66,354.732,Future Purchase,Moderate Customers
14534.0,4,15,3737.26,249.1506666666667,Future Purchase,High-Value Active Customers
14535.0,66,2,1652.81,826.405,No Future Purchase,Moderate Customers
14536.0,198,1,170.95,170.95,No Future Purchase,At-Risk / Inactive Customers
14538.0,3,2,388.25,194.125,No Future Purchase,At-Risk / Inactive Customers
14540.0,14,2,637.93,318.965,No Future Purchase,Recent Low-Value Customers
14541.0,107,7,1307.3500000000001,186.76428571428573,Future Purchase,Moderate Customers
14542.0,124,1,103.25,103.25,No Future Purchase,At-Risk / Inactive Customers
14543.0,12,14,3271.15,233.65357142857144,Future Purchase,High-Value Active Customers
14544.0,300,1,1101.77,1101.77,No Future Purchase,Moderate Customers
14546.0,16,3,1602.1,534.0333333333333,Future Purchase,High-Value Active Customers
14548.0,89,2,652.8,326.4,No Future Purchase,At-Risk / Inactive Customers
14549.0,250,1,289.24,289.24,No Future Purchase,At-Risk / Inactive Customers
14551.0,143,1,125.43,125.43,No Future Purchase,Recent Low-Value Customers
14552.0,90,1,164.22,164.22,No Future Purchase,At-Risk / Inactive Customers
14553.0,157,2,312.32,156.16,No Future Purchase,Moderate Customers
14555.0,241,1,186.34,186.34,No Future Purchase,At-Risk / Inactive Customers
14557.0,24,1,788.38,788.38,No Future Purchase,At-Risk / Inactive Customers
14560.0,2,16,1829.82,114.36375,Future Purchase,High-Value Active Customers
14561.0,14,3,1080.76,360.25333333333333,Future Purchase,Moderate Customers
14562.0,17,10,2999.2200000000003,299.922,Future Purchase,High-Value Active Customers
14565.0,34,4,3099.12,774.78,Future Purchase,Moderate Customers
14566.0,49,1,1432.0,1432.0,No Future Purchase,Moderate Customers
14567.0,69,1,800.76,800.76,No Future Purchase,Moderate Customers
14570.0,219,2,218.06,109.03,No Future Purchase,At-Risk / Inactive Customers
14572.0,49,5,2063.2400000000002,412.648,Future Purchase,High-Value Active Customers
14573.0,118,9,1639.82,182.20222222222222,Future Purchase,Moderate Customers
14576.0,311,1,35.400000000000006,35.400000000000006,No Future Purchase,At-Risk / Inactive Customers
14577.0,102,3,646.64,215.54666666666665,Future Purchase,Recent Low-Value Customers
14583.0,83,4,741.72,185.43,Future Purchase,Recent Low-Value Customers
14584.0,108,4,1033.06,258.265,Future Purchase,Moderate Customers
14586.0,215,1,237.36,237.36,No Future Purchase,At-Risk / Inactive Customers
14587.0,123,8,1452.68,181.585,Future Purchase,High-Value Active Customers
14589.0,310,1,39.75,39.75,No Future Purchase,At-Risk / Inactive Customers
14591.0,152,1,204.02,204.02,No Future Purchase,Moderate Customers
14592.0,3,1,262.71,262.71,No Future Purchase,Recent Low-Value Customers
14593.0,137,2,339.59,169.795,No Future Purchase,Recent Low-Value Customers
14594.0,312,1,255.0,255.0,No Future Purchase,Recent Low-Value Customers
14595.0,0,3,441.78000000000003,147.26000000000002,Future Purchase,Moderate Customers
14597.0,130,1,165.1,165.1,No Future Purchase,Recent Low-Value Customers
14600.0,244,1,393.33000000000004,393.33000000000004,No Future Purchase,At-Risk / Inactive Customers
14603.0,213,1,660.0,660.0,No Future Purchase,At-Risk / Inactive Customers
14606.0,5,77,10052.57,130.55285714285714,Future Purchase,High-Value Active Customers
14607.0,200,1,495.0,495.0,No Future Purchase,High-Value Active Customers
14608.0,24,2,790.95,395.475,No Future Purchase,High-Value Active Customers
14609.0,11,4,601.56,150.39,Future Purchase,Moderate Customers
14616.0,181,3,406.08000000000004,135.36,No Future Purchase,At-Risk / Inactive Customers
14618.0,276,1,211.8,211.8,No Future Purchase,Recent Low-Value Customers
14619.0,184,1,394.44,394.44,No Future Purchase,At-Risk / Inactive Customers
14620.0,144,2,412.78000000000003,206.39000000000001,No Future Purchase,At-Risk / Inactive Customers
14621.0,95,3,1002.91,334.30333333333334,Future Purchase,High-Value Active Customers
14622.0,123,1,320.58000000000004,320.58000000000004,No Future Purchase,At-Risk / Inactive Customers
14623.0,55,3,606.16,202.0533333333333,Future Purchase,Moderate Customers
14625.0,135,2,899.63,449.815,No Future Purchase,At-Risk / Inactive Customers
14626.0,3,3,2182.2,727.4,Future Purchase,Moderate Customers
14628.0,30,2,671.96,335.98,No Future Purchase,At-Risk / Inactive Customers
14631.0,174,2,630.08,315.04,No Future Purchase,Moderate Customers
14632.0,201,1,114.56,114.56,No Future Purchase,At-Risk / Inactive Customers
14633.0,205,1,344.90000000000003,344.90000000000003,No Future Purchase,At-Risk / Inactive Customers
14636.0,207,1,300.19,300.19,No Future Purchase,Recent Low-Value Customers
14639.0,59,4,1989.23,497.3075,Future Purchase,Moderate Customers
14640.0,66,4,1483.3600000000001,370.84000000000003,Future Purchase,Moderate Customers
14643.0,109,2,693.8100000000001,346.90500000000003,No Future Purchase,At-Risk / Inactive Customers
14644.0,6,2,830.76,415.38,No Future Purchase,Moderate Customers
14645.0,95,2,597.09,298.545,No Future Purchase,At-Risk / Inactive Customers
14646.0,3,50,203948.19,4078.9638,Future Purchase,High-Value Active Customers
14647.0,140,1,236.04000000000002,236.04000000000002,No Future Purchase,At-Risk / Inactive Customers
14649.0,11,3,895.18,298.3933333333333,Future Purchase,Recent Low-Value Customers
14651.0,6,2,653.75,326.875,No Future Purchase,Moderate Customers
14652.0,16,1,114.18,114.18,No Future Purchase,At-Risk / Inactive Customers
14653.0,6,2,694.9,347.45,No Future Purchase,High-Value Active Customers
14655.0,9,2,1211.17,605.585,Future Purchase,Moderate Customers
14656.0,108,2,291.05,145.525,No Future Purchase,At-Risk / Inactive Customers
14657.0,94,3,638.94,212.98000000000002,Future Purchase,Moderate Customers
14658.0,56,1,123.14,123.14,No Future Purchase,Recent Low-Value Customers
14659.0,17,7,2067.98,295.42571428571426,Future Purchase,High-Value Active Customers
14660.0,25,2,285.74,142.87,No Future Purchase,At-Risk / Inactive Customers
14662.0,173,3,512.28,170.76,No Future Purchase,Moderate Customers
14665.0,28,4,1276.18,319.045,Future Purchase,Moderate Customers
14667.0,13,19,7075.8,372.41052631578947,Future Purchase,High-Value Active Customers
14669.0,180,3,1259.24,419.74666666666667,No Future Purchase,Moderate Customers
14670.0,219,2,392.86,196.43,No Future Purchase,At-Risk / Inactive Customers
14672.0,173,2,765.55,382.775,No Future Purchase,At-Risk / Inactive Customers
14673.0,306,1,373.49,373.49,No Future Purchase,High-Value Active Customers
14676.0,17,5,2170.96,434.192,Future Purchase,Moderate Customers
14680.0,10,15,27586.510000000002,1839.1006666666667,Future Purchase,High-Value Active Customers
14681.0,10,3,498.95,166.31666666666666,Future Purchase,Moderate Customers
14682.0,126,2,52.0,26.0,Future Purchase,At-Risk / Inactive Customers
14684.0,20,3,622.77,207.59,Future Purchase,Moderate Customers
14687.0,45,1,628.38,628.38,No Future Purchase,At-Risk / Inactive Customers
14688.0,9,17,4421.18,260.0694117647059,Future Purchase,High-Value Active Customers
14689.0,147,1,112.8,112.8,No Future Purchase,At-Risk / Inactive Customers
14690.0,90,1,212.56,212.56,No Future Purchase,Recent Low-Value Customers
14691.0,10,4,1769.07,442.2675,Future Purchase,Moderate Customers
14692.0,76,4,591.55,147.8875,No Future Purchase,Moderate Customers
14693.0,203,1,172.9,172.9,No Future Purchase,At-Risk / Inactive Customers
14696.0,10,6,1778.41,296.4016666666667,Future Purchase,High-Value Active Customers
14697.0,157,2,188.60999999999999,94.30499999999999,No Future Purchase,At-Risk / Inactive Customers
14699.0,153,1,109.13000000000001,109.13000000000001,No Future Purchase,At-Risk / Inactive Customers
14700.0,128,2,1541.1,770.55,No Future Purchase,Moderate Customers
14701.0,111,7,1941.43,277.34714285714284,Future Purchase,High-Value Active Customers
14702.0,3,11,1997.56,181.59636363636363,Future Purchase,High-Value Active Customers
14704.0,20,3,372.82,124.27333333333333,Future Purchase,High-Value Active Customers
14705.0,137,1,179.0,179.0,No Future Purchase,At-Risk / Inactive Customers
14708.0,93,2,701.1800000000001,350.59000000000003,No Future Purchase,Recent Low-Value Customers
14709.0,10,10,4264.04,426.404,Future Purchase,High-Value Active Customers
14711.0,30,9,2355.63,261.7366666666667,Future Purchase,High-Value Active Customers
14712.0,14,2,421.47,210.735,Future Purchase,Moderate Customers
14713.0,38,9,2029.61,225.51222222222222,Future Purchase,High-Value Active Customers
14715.0,33,3,594.75,198.25,Future Purchase,Moderate Customers
14716.0,87,1,181.72,181.72,No Future Purchase,Recent Low-Value Customers
14719.0,118,2,488.12,244.06,No Future Purchase,High-Value Active Customers
14720.0,28,2,401.13,200.565,No Future Purchase,Recent Low-Value Customers
14722.0,86,1,180.42000000000002,180.42000000000002,No Future Purchase,At-Risk / Inactive Customers
14723.0,297,3,455.65,151.88333333333333,No Future Purchase,High-Value Active Customers
14727.0,213,1,268.58,268.58,No Future Purchase,At-Risk / Inactive Customers
14729.0,312,1,313.49,313.49,No Future Purchase,At-Risk / Inactive Customers
14730.0,4,7,1669.38,238.48285714285717,Future Purchase,High-Value Active Customers
14731.0,144,2,251.01999999999998,125.50999999999999,No Future Purchase,Recent Low-Value Customers
14732.0,27,6,1927.19,321.1983333333333,Future Purchase,High-Value Active Customers
14733.0,49,11,9044.2,822.2,Future Purchase,High-Value Active Customers
14735.0,20,26,4347.25,167.20192307692307,Future Purchase,High-Value Active Customers
14737.0,67,2,1081.75,540.875,No Future Purchase,Recent Low-Value Customers
14738.0,3,6,1084.46,180.74333333333334,Future Purchase,Moderate Customers
14739.0,4,5,2857.36,571.472,Future Purchase,High-Value Active Customers
14740.0,136,3,1448.21,482.7366666666667,Future Purchase,Moderate Customers
14741.0,52,4,864.96,216.24,Future Purchase,High-Value Active Customers
14744.0,236,5,928.03,185.606,No Future Purchase,Moderate Customers
14745.0,51,5,1220.26,244.052,Future Purchase,Moderate Customers
14747.0,188,1,328.2,328.2,No Future Purchase,At-Risk / Inactive Customers
14748.0,62,4,1118.77,279.6925,Future Purchase,Moderate Customers
14753.0,26,1,563.15,563.15,No Future Purchase,At-Risk / Inactive Customers
14754.0,234,1,228.26999999999998,228.26999999999998,No Future Purchase,Recent Low-Value Customers
14755.0,12,8,3171.98,396.4975,Future Purchase,High-Value Active Customers
14757.0,14,1,420.5,420.5,No Future Purchase,At-Risk / Inactive Customers
14758.0,83,4,1484.06,371.015,Future Purchase,Moderate Customers
14759.0,51,2,870.85,435.425,No Future Purchase,Recent Low-Value Customers
14760.0,236,1,89.2,89.2,No Future Purchase,At-Risk / Inactive Customers
14761.0,273,1,97.5,97.5,No Future Purchase,At-Risk / Inactive Customers
14762.0,202,1,300.52,300.52,No Future Purchase,At-Risk / Inactive Customers
14765.0,51,2,95.5,47.75,No Future Purchase,Recent Low-Value Customers
14766.0,19,5,2050.85,410.16999999999996,Future Purchase,High-Value Active Customers
14768.0,66,1,133.20000000000002,133.20000000000002,No Future Purchase,Recent Low-Value Customers
14769.0,21,7,10075.01,1439.287142857143,Future Purchase,High-Value Active Customers
14770.0,171,2,876.42,438.21,No Future Purchase,At-Risk / Inactive Customers
14772.0,51,1,139.26,139.26,No Future Purchase,At-Risk / Inactive Customers
14775.0,76,2,701.46,350.73,No Future Purchase,Moderate Customers
14776.0,44,8,1862.22,232.7775,Future Purchase,High-Value Active Customers
14778.0,66,2,730.86,365.43,No Future Purchase,At-Risk / Inactive Customers
14779.0,219,3,386.15,128.71666666666667,No Future Purchase,At-Risk / Inactive Customers
14780.0,18,1,332.8,332.8,No Future Purchase,At-Risk / Inactive Customers
14782.0,258,1,200.10000000000002,200.10000000000002,No Future Purchase,At-Risk / Inactive Customers
14784.0,262,1,114.68,114.68,No Future Purchase,Recent Low-Value Customers
14790.0,58,2,364.04,182.02,No Future Purchase,Recent Low-Value Customers
14792.0,2,1,6.2,6.2,No Future Purchase,At-Risk / Inactive Customers
14794.0,142,4,679.54,169.885,Future Purchase,High-Value Active Customers
14795.0,105,1,131.45000000000002,131.45000000000002,No Future Purchase,At-Risk / Inactive Customers
14796.0,33,14,6581.18,470.0842857142857,Future Purchase,High-Value Active Customers
14798.0,83,2,97.4,48.7,No Future Purchase,At-Risk / Inactive Customers
14800.0,14,10,3939.55,393.95500000000004,Future Purchase,High-Value Active Customers
14801.0,0,1,189.34,189.34,No Future Purchase,At-Risk / Inactive Customers
14803.0,101,3,845.55,281.84999999999997,Future Purchase,Moderate Customers
14805.0,252,1,109.25,109.25,No Future Purchase,Recent Low-Value Customers
14806.0,14,1,193.39000000000001,193.39000000000001,No Future Purchase,At-Risk / Inactive Customers
14808.0,13,7,2184.41,312.0585714285714,Future Purchase,Moderate Customers
14810.0,42,10,1866.78,186.678,Future Purchase,High-Value Active Customers
14813.0,308,2,152.88,76.44,No Future Purchase,At-Risk / Inactive Customers
14815.0,6,1,551.58,551.58,No Future Purchase,Recent Low-Value Customers
14816.0,136,1,271.85,271.85,No Future Purchase,At-Risk / Inactive Customers
14817.0,139,2,1110.34,555.17,No Future Purchase,Moderate Customers
14818.0,12,3,657.8,219.26666666666665,Future Purchase,Moderate Customers
14819.0,3,2,272.07,136.035,No Future Purchase,At-Risk / Inactive Customers
14820.0,14,2,242.19,121.095,No Future Purchase,Recent Low-Value Customers
14821.0,305,1,48.800000000000004,48.800000000000004,No Future Purchase,At-Risk / Inactive Customers
14823.0,119,3,321.43,107.14333333333333,No Future Purchase,At-Risk / Inactive Customers
14824.0,12,2,755.51,377.755,No Future Purchase,Recent Low-Value Customers
14825.0,2,9,1644.91,182.76777777777778,Future Purchase,High-Value Active Customers
14828.0,135,3,2139.76,713.2533333333334,Future Purchase,Moderate Customers
14829.0,123,3,531.63,177.21,No Future Purchase,Moderate Customers
14834.0,10,3,851.2,283.73333333333335,Future Purchase,Moderate Customers
14837.0,28,4,1649.5,412.375,Future Purchase,Moderate Customers
14840.0,206,1,62.85,62.85,No Future Purchase,At-Risk / Inactive Customers
14841.0,118,4,2375.57,593.8925,Future Purchase,Moderate Customers
14842.0,34,3,1901.52,633.84,Future Purchase,Moderate Customers
14844.0,2,4,3189.81,797.4525,Future Purchase,Moderate Customers
14847.0,87,1,309.4,309.4,No Future Purchase,At-Risk / Inactive Customers
14849.0,3,19,6569.88,345.78315789473686,Future Purchase,High-Value Active Customers
14850.0,250,1,325.75,325.75,No Future Purchase,At-Risk / Inactive Customers
14851.0,195,1,206.13,206.13,No Future Purchase,Recent Low-Value Customers
14852.0,35,5,2188.42,437.684,Future Purchase,Moderate Customers
14853.0,150,1,214.5,214.5,No Future Purchase,Recent Low-Value Customers
14854.0,17,7,2740.03,391.4328571428572,Future Purchase,Moderate Customers
14855.0,58,2,645.65,322.825,No Future Purchase,At-Risk / Inactive Customers
14857.0,87,1,522.52,522.52,No Future Purchase,Moderate Customers
14859.0,19,2,927.12,463.56,No Future Purchase,Moderate Customers
14862.0,87,1,304.09999999999997,304.09999999999997,No Future Purchase,Recent Low-Value Customers
14865.0,311,1,37.2,37.2,No Future Purchase,Recent Low-Value Customers
14866.0,19,5,6803.42,1360.684,Future Purchase,High-Value Active Customers
14867.0,124,3,710.28,236.76,No Future Purchase,Moderate Customers
14868.0,10,5,1634.77,326.954,Future Purchase,High-Value Active Customers
14869.0,42,1,387.06,387.06,No Future Purchase,Recent Low-Value Customers
14870.0,200,1,327.25,327.25,No Future Purchase,At-Risk / Inactive Customers
14871.0,117,3,335.3,111.76666666666667,No Future Purchase,Recent Low-Value Customers
14873.0,149,1,519.68,519.68,No Future Purchase,At-Risk / Inactive Customers
14875.0,46,2,1465.3200000000002,732.6600000000001,No Future Purchase,Moderate Customers
14878.0,21,7,1184.26,169.18,Future Purchase,High-Value Active Customers
14880.0,16,3,690.59,230.1966666666667,Future Purchase,Moderate Customers
14883.0,12,4,571.99,142.9975,Future Purchase,Moderate Customers
14885.0,70,1,765.3199999999999,765.3199999999999,No Future Purchase,At-Risk / Inactive Customers
14886.0,191,1,364.8,364.8,No Future Purchase,At-Risk / Inactive Customers
14887.0,18,1,1862.0,1862.0,No Future Purchase,Moderate Customers
14888.0,146,1,369.2,369.2,No Future Purchase,At-Risk / Inactive Customers
14889.0,275,1,135.9,135.9,No Future Purchase,At-Risk / Inactive Customers
14890.0,192,1,125.65,125.65,No Future Purchase,At-Risk / Inactive Customers
14891.0,87,2,554.38,277.19,No Future Purchase,At-Risk / Inactive Customers
14894.0,24,1,655.75,655.75,No Future Purchase,At-Risk / Inactive Customers
14895.0,30,13,7974.79,613.4453846153846,Future Purchase,High-Value Active Customers
14896.0,143,2,468.77000000000004,234.38500000000002,No Future Purchase,At-Risk / Inactive Customers
14897.0,27,2,345.4,172.7,No Future Purchase,Recent Low-Value Customers
14898.0,73,5,991.18,198.236,Future Purchase,Moderate Customers
14901.0,12,7,1093.83,156.26142857142855,Future Purchase,High-Value Active Customers
14903.0,63,4,2398.62,599.655,Future Purchase,Moderate Customers
14905.0,96,2,616.15,308.075,No Future Purchase,At-Risk / Inactive Customers
14907.0,38,5,2608.18,521.636,Future Purchase,High-Value Active Customers
14908.0,13,1,277.8,277.8,No Future Purchase,At-Risk / Inactive Customers
14911.0,2,136,96960.57,712.9453676470589,Future Purchase,High-Value Active Customers
14912.0,185,1,482.78999999999996,482.78999999999996,No Future Purchase,Recent Low-Value Customers
14913.0,122,3,917.15,305.71666666666664,Future Purchase,Moderate Customers
14915.0,30,2,307.48,153.74,No Future Purchase,At-Risk / Inactive Customers
14916.0,9,4,1268.98,317.245,Future Purchase,Moderate Customers
14918.0,54,2,1610.15,805.075,No Future Purchase,Moderate Customers
14920.0,151,2,977.77,488.885,No Future Purchase,At-Risk / Inactive Customers
14921.0,140,1,903.01,903.01,No Future Purchase,Moderate Customers
14924.0,184,1,310.05,310.05,No Future Purchase,At-Risk / Inactive Customers
14930.0,47,3,2362.96,787.6533333333333,Future Purchase,Moderate Customers
14931.0,13,3,847.65,282.55,Future Purchase,High-Value Active Customers
14932.0,304,1,363.53,363.53,No Future Purchase,At-Risk / Inactive Customers
14934.0,20,2,1890.94,945.47,Future Purchase,Moderate Customers
14935.0,236,1,1784.71,1784.71,No Future Purchase,At-Risk / Inactive Customers
14936.0,4,6,6833.88,1138.98,Future Purchase,High-Value Active Customers
14937.0,69,1,759.56,759.56,No Future Purchase,Moderate Customers
14944.0,16,9,4922.51,546.9455555555555,Future Purchase,High-Value Active Customers
14947.0,11,2,290.82,145.41,No Future Purchase,At-Risk / Inactive Customers
14948.0,10,5,834.27,166.85399999999998,Future Purchase,Moderate Customers
14951.0,18,1,311.69,311.69,No Future Purchase,At-Risk / Inactive Customers
14952.0,10,9,6724.25,747.1388888888889,Future Purchase,High-Value Active Customers
14957.0,192,1,58.49,58.49,No Future Purchase,At-Risk / Inactive Customers
14958.0,86,3,483.72999999999996,161.2433333333333,No Future Purchase,At-Risk / Inactive Customers
14959.0,3,4,695.42,173.855,Future Purchase,Moderate Customers
14960.0,110,1,88.3,88.3,No Future Purchase,Recent Low-Value Customers
14961.0,20,8,5899.93,737.49125,Future Purchase,High-Value Active Customers
14962.0,209,1,126.7,126.7,No Future Purchase,At-Risk / Inactive Customers
14963.0,122,1,294.2,294.2,No Future Purchase,Moderate Customers
14964.0,186,1,206.21,206.21,No Future Purchase,At-Risk / Inactive Customers
14965.0,35,2,596.09,298.045,No Future Purchase,At-Risk / Inactive Customers
14970.0,7,4,1592.06,398.015,Future Purchase,Moderate Customers
14972.0,67,1,114.77,114.77,No Future Purchase,At-Risk / Inactive Customers
14973.0,46,3,1314.45,438.15000000000003,Future Purchase,Moderate Customers
14976.0,40,4,559.96,139.99,No Future Purchase,Moderate Customers
14978.0,11,5,1921.3700000000001,384.274,Future Purchase,Moderate Customers
14981.0,185,1,102.12,102.12,No Future Purchase,At-Risk / Inactive Customers
14984.0,119,1,102.23,102.23,No Future Purchase,Recent Low-Value Customers
14985.0,137,2,292.01,146.005,No Future Purchase,At-Risk / Inactive Customers
14987.0,304,1,163.2,163.2,Future Purchase,Recent Low-Value Customers
14988.0,150,1,334.54,334.54,No Future Purchase,At-Risk / Inactive Customers
14995.0,219,1,119.31,119.31,No Future Purchase,Recent Low-Value Customers
14997.0,27,2,433.67999999999995,216.83999999999997,Future Purchase,Moderate Customers
14998.0,109,2,414.87,207.435,No Future Purchase,At-Risk / Inactive Customers
15002.0,54,4,1641.76,410.44,No Future Purchase,Moderate Customers
15004.0,86,1,1220.77,1220.77,Future Purchase,At-Risk / Inactive Customers
15005.0,2,23,5094.74,221.51043478260868,Future Purchase,High-Value Active Customers
15007.0,98,1,156.91,156.91,No Future Purchase,At-Risk / Inactive Customers
15012.0,312,1,188.56,188.56,No Future Purchase,At-Risk / Inactive Customers
15014.0,115,1,117.72999999999999,117.72999999999999,No Future Purchase,Recent Low-Value Customers
15016.0,111,1,170.04,170.04,No Future Purchase,At-Risk / Inactive Customers
15018.0,191,2,291.34000000000003,145.67000000000002,No Future Purchase,Recent Low-Value Customers
15019.0,205,1,252.81,252.81,No Future Purchase,At-Risk / Inactive Customers
15021.0,25,6,1385.3600000000001,230.89333333333335,Future Purchase,High-Value Active Customers
15023.0,55,8,5027.97,628.49625,Future Purchase,High-Value Active Customers
15024.0,52,5,830.62,166.124,Future Purchase,High-Value Active Customers
15026.0,19,3,469.0,156.33333333333334,Future Purchase,Moderate Customers
15027.0,107,3,966.9699999999999,322.3233333333333,Future Purchase,Moderate Customers
15028.0,307,1,185.97,185.97,No Future Purchase,Recent Low-Value Customers
15030.0,10,2,518.28,259.14,No Future Purchase,At-Risk / Inactive Customers
15031.0,49,2,261.79,130.895,No Future Purchase,Recent Low-Value Customers
15032.0,195,3,4959.1,1653.0333333333335,No Future Purchase,Moderate Customers
15033.0,48,6,1608.95,268.15833333333336,Future Purchase,High-Value Active Customers
15034.0,9,6,3264.41,544.0683333333333,Future Purchase,High-Value Active Customers
15035.0,28,1,252.73000000000002,252.73000000000002,No Future Purchase,At-Risk / Inactive Customers
15036.0,11,3,429.56,143.18666666666667,No Future Purchase,Moderate Customers
15038.0,7,5,670.74,134.148,Future Purchase,Moderate Customers
15039.0,4,41,18844.010000000002,459.61000000000007,Future Purchase,High-Value Active Customers
15041.0,109,1,179.93,179.93,No Future Purchase,At-Risk / Inactive Customers
15042.0,138,1,135.93,135.93,No Future Purchase,At-Risk / Inactive Customers
15044.0,5,15,5945.24,396.34933333333333,Future Purchase,High-Value Active Customers
15045.0,90,2,735.66,367.83,No Future Purchase,At-Risk / Inactive Customers
15046.0,5,12,4187.74,348.9783333333333,Future Purchase,High-Value Active Customers
15047.0,208,1,343.62,343.62,No Future Purchase,At-Risk / Inactive Customers
15048.0,4,4,381.0,95.25,No Future Purchase,Moderate Customers
15049.0,212,1,121.17000000000002,121.17000000000002,No Future Purchase,At-Risk / Inactive Customers
15050.0,10,2,1278.78,639.39,No Future Purchase,Moderate Customers
15051.0,89,1,377.74,377.74,No Future Purchase,Moderate Customers
15052.0,258,1,207.73000000000002,207.73000000000002,No Future Purchase,At-Risk / Inactive Customers
15053.0,95,2,478.6,239.3,No Future Purchase,Recent Low-Value Customers
15057.0,214,2,1489.5,744.75,No Future Purchase,Moderate Customers
15058.0,20,8,1432.31,179.03875,Future Purchase,High-Value Active Customers
15059.0,46,7,1008.6,144.0857142857143,Future Purchase,Moderate Customers
15061.0,3,43,41200.76,958.1572093023257,Future Purchase,High-Value Active Customers
15062.0,10,4,987.86,246.965,Future Purchase,Moderate Customers
15063.0,152,1,370.79999999999995,370.79999999999995,No Future Purchase,At-Risk / Inactive Customers
15065.0,103,3,2858.75,952.9166666666666,Future Purchase,Moderate Customers
15067.0,17,3,1744.76,581.5866666666667,Future Purchase,Moderate Customers
15068.0,195,1,239.95999999999998,239.95999999999998,No Future Purchase,Recent Low-Value Customers
15069.0,118,1,1109.53,1109.53,No Future Purchase,At-Risk / Inactive Customers
15070.0,311,1,106.2,106.2,No Future Purchase,At-Risk / Inactive Customers
15071.0,32,2,982.07,491.035,Future Purchase,Moderate Customers
15073.0,124,2,861.96,430.98,No Future Purchase,Recent Low-Value Customers
15074.0,44,1,735.67,735.67,No Future Purchase,At-Risk / Inactive Customers
15075.0,16,1,773.03,773.03,No Future Purchase,At-Risk / Inactive Customers
15076.0,111,1,880.85,880.85,No Future Purchase,At-Risk / Inactive Customers
15078.0,13,24,7580.150000000001,315.83958333333334,Future Purchase,High-Value Active Customers
15079.0,151,4,895.61,223.9025,Future Purchase,Moderate Customers
15081.0,4,4,416.55,104.1375,No Future Purchase,Recent Low-Value Customers
15083.0,195,1,88.2,88.2,No Future Purchase,At-Risk / Inactive Customers
15087.0,220,1,306.94,306.94,No Future Purchase,At-Risk / Inactive Customers
15088.0,6,1,864.19,864.19,No Future Purchase,Recent Low-Value Customers
15089.0,33,3,2036.28,678.76,Future Purchase,High-Value Active Customers
15090.0,247,1,381.32,381.32,No Future Purchase,At-Risk / Inactive Customers
15091.0,6,1,480.71,480.71,No Future Purchase,At-Risk / Inactive Customers
15092.0,154,2,457.81,228.905,No Future Purchase,At-Risk / Inactive Customers
15093.0,55,5,4027.1,805.42,Future Purchase,High-Value Active Customers
15095.0,42,4,1370.6,342.65,Future Purchase,Moderate Customers
15098.0,121,3,39916.5,13305.5,No Future Purchase,Moderate Customers
15099.0,23,1,410.48,410.48,No Future Purchase,At-Risk / Inactive Customers
15100.0,272,3,876.0,292.0,Future Purchase,At-Risk / Inactive Customers
15101.0,298,1,102.28,102.28,No Future Purchase,Recent Low-Value Customers
15103.0,25,1,291.68,291.68,Future Purchase,Recent Low-Value Customers
15104.0,135,2,993.54,496.77,No Future Purchase,At-Risk / Inactive Customers
15105.0,6,4,1717.57,429.3925,Future Purchase,High-Value Active Customers
15106.0,4,4,1302.46,325.615,Future Purchase,Moderate Customers
15107.0,250,6,319.5,53.25,No Future Purchase,At-Risk / Inactive Customers
15108.0,80,4,1300.25,325.0625,Future Purchase,Moderate Customers
15109.0,184,1,484.95,484.95,No Future Purchase,At-Risk / Inactive Customers
15110.0,65,2,376.55,188.275,No Future Purchase,Moderate Customers
15111.0,5,2,1237.8,618.9,No Future Purchase,Moderate Customers
15114.0,10,9,2252.28,250.25333333333336,Future Purchase,High-Value Active Customers
15116.0,73,2,790.97,395.485,No Future Purchase,Moderate Customers
15117.0,59,2,675.73,337.865,No Future Purchase,Moderate Customers
15118.0,73,1,244.8,244.8,No Future Purchase,At-Risk / Inactive Customers
15119.0,184,1,266.4,266.4,No Future Purchase,At-Risk / Inactive Customers
15120.0,72,1,358.82,358.82,No Future Purchase,At-Risk / Inactive Customers
15121.0,227,1,295.15,295.15,No Future Purchase,Recent Low-Value Customers
15122.0,53,3,1633.78,544.5933333333334,Future Purchase,Moderate Customers
15123.0,145,1,1069.47,1069.47,No Future Purchase,Recent Low-Value Customers
15124.0,130,1,90.75,90.75,Future Purchase,Recent Low-Value Customers
15125.0,52,12,10795.48,899.6233333333333,Future Purchase,High-Value Active Customers
15127.0,4,1,406.53,406.53,No Future Purchase,At-Risk / Inactive Customers
15128.0,65,3,1170.24,390.08,No Future Purchase,Moderate Customers
15129.0,45,10,2796.73,279.673,Future Purchase,High-Value Active Customers
15130.0,108,1,330.11,330.11,No Future Purchase,At-Risk / Inactive Customers
15132.0,44,3,842.23,280.74333333333334,Future Purchase,Moderate Customers
15133.0,66,3,982.42,327.4733333333333,Future Purchase,Moderate Customers
15134.0,11,5,897.5500000000001,179.51000000000002,Future Purchase,High-Value Active Customers
15135.0,178,1,139.05,139.05,No Future Purchase,At-Risk / Inactive Customers
15136.0,35,1,582.9,582.9,No Future Purchase,Recent Low-Value Customers
15139.0,178,2,178.96,89.48,No Future Purchase,At-Risk / Inactive Customers
15140.0,18,6,2052.85,342.14166666666665,Future Purchase,Moderate Customers
15143.0,164,1,259.45,259.45,No Future Purchase,At-Risk / Inactive Customers
15144.0,10,12,4005.64,333.80333333333334,Future Purchase,High-Value Active Customers
15145.0,166,2,724.03,362.015,No Future Purchase,Recent Low-Value Customers
15146.0,103,2,1327.16,663.58,No Future Purchase,Moderate Customers
15147.0,179,1,623.5,623.5,No Future Purchase,At-Risk / Inactive Customers
15149.0,72,1,520.8000000000001,520.8000000000001,No Future Purchase,At-Risk / Inactive Customers
15150.0,12,7,4360.29,622.8985714285715,Future Purchase,High-Value Active Customers
15152.0,23,7,2712.23,387.4614285714286,Future Purchase,High-Value Active Customers
15154.0,14,1,254.28,254.28,No Future Purchase,At-Risk / Inactive Customers
15157.0,93,2,1505.37,752.685,No Future Purchase,Recent Low-Value Customers
15159.0,6,23,11410.14,496.0930434782608,Future Purchase,High-Value Active Customers
15160.0,296,1,158.16,158.16,No Future Purchase,At-Risk / Inactive Customers
15163.0,131,1,155.0,155.0,No Future Purchase,Recent Low-Value Customers
15164.0,7,3,824.58,274.86,Future Purchase,Moderate Customers
15165.0,312,1,487.75,487.75,No Future Purchase,At-Risk / Inactive Customers
15167.0,259,1,158.8,158.8,No Future Purchase,At-Risk / Inactive Customers
15171.0,270,1,1289.5,1289.5,No Future Purchase,At-Risk / Inactive Customers
15172.0,9,4,1247.95,311.9875,Future Purchase,High-Value Active Customers
15174.0,261,1,135.75,135.75,No Future Purchase,At-Risk / Inactive Customers
15175.0,10,1,224.14,224.14,No Future Purchase,At-Risk / Inactive Customers
15178.0,199,1,40.5,40.5,No Future Purchase,At-Risk / Inactive Customers
15179.0,172,3,1455.12,485.03999999999996,Future Purchase,Moderate Customers
15180.0,306,1,87.5,87.5,No Future Purchase,At-Risk / Inactive Customers
15181.0,5,3,689.4799999999999,229.82666666666663,Future Purchase,Moderate Customers
15182.0,93,2,622.85,311.425,No Future Purchase,At-Risk / Inactive Customers
15184.0,129,1,235.23000000000002,235.23000000000002,No Future Purchase,Recent Low-Value Customers
15185.0,9,1,310.62,310.62,No Future Purchase,At-Risk / Inactive Customers
15186.0,107,1,229.26,229.26,No Future Purchase,Recent Low-Value Customers
15187.0,9,8,2381.06,297.6325,Future Purchase,High-Value Active Customers
15189.0,30,33,12635.77,382.90212121212124,Future Purchase,High-Value Active Customers
15192.0,58,3,1044.32,348.1066666666666,Future Purchase,Moderate Customers
15194.0,17,13,5488.22,422.1707692307692,Future Purchase,High-Value Active Customers
15197.0,191,2,773.25,386.625,No Future Purchase,Recent Low-Value Customers
15198.0,31,2,193.64,96.82,No Future Purchase,At-Risk / Inactive Customers
15199.0,33,3,967.75,322.5833333333333,Future Purchase,Moderate Customers
15201.0,26,5,1236.54,247.308,Future Purchase,Moderate Customers
15203.0,18,5,1517.72,303.544,Future Purchase,Moderate Customers
15204.0,296,1,316.58,316.58,No Future Purchase,At-Risk / Inactive Customers
15205.0,24,2,653.24,326.62,No Future Purchase,At-Risk / Inactive Customers
15206.0,38,3,236.7,78.89999999999999,No Future Purchase,Recent Low-Value Customers
15208.0,2,3,495.82,165.27333333333334,Future Purchase,Recent Low-Value Customers
15210.0,164,1,331.18,331.18,No Future Purchase,At-Risk / Inactive Customers
15211.0,304,1,383.07,383.07,No Future Purchase,Moderate Customers
15212.0,180,1,101.8,101.8,No Future Purchase,At-Risk / Inactive Customers
15213.0,257,2,328.35,164.175,No Future Purchase,At-Risk / Inactive Customers
15214.0,2,4,1061.35,265.3375,Future Purchase,High-Value Active Customers
15215.0,35,1,300.04,300.04,No Future Purchase,Moderate Customers
15216.0,26,1,96.6,96.6,No Future Purchase,At-Risk / Inactive Customers
15218.0,13,9,4645.91,516.2122222222222,Future Purchase,High-Value Active Customers
15219.0,115,1,305.75,305.75,No Future Purchase,At-Risk / Inactive Customers
15220.0,54,5,1284.05,256.81,Future Purchase,Moderate Customers
15221.0,305,1,403.25,403.25,No Future Purchase,At-Risk / Inactive Customers
15222.0,257,1,585.0,585.0,No Future Purchase,At-Risk / Inactive Customers
15223.0,164,2,755.75,377.875,No Future Purchase,At-Risk / Inactive Customers
15224.0,297,2,322.08,161.04,No Future Purchase,At-Risk / Inactive Customers
15225.0,173,1,409.40000000000003,409.40000000000003,No Future Purchase,At-Risk / Inactive Customers
15226.0,249,1,154.41,154.41,No Future Purchase,At-Risk / Inactive Customers
15227.0,154,3,876.8199999999999,292.2733333333333,Future Purchase,Moderate Customers
15228.0,5,4,3386.71,846.6775,Future Purchase,Moderate Customers
15230.0,178,2,429.6,214.8,No Future Purchase,At-Risk / Inactive Customers
15232.0,52,2,612.06,306.03,No Future Purchase,At-Risk / Inactive Customers
15234.0,215,1,197.0,197.0,No Future Purchase,At-Risk / Inactive Customers
15235.0,156,12,2247.51,187.29250000000002,No Future Purchase,Moderate Customers
15236.0,237,1,321.05,321.05,No Future Purchase,At-Risk / Inactive Customers
15237.0,17,3,1328.72,442.9066666666667,Future Purchase,Recent Low-Value Customers
15238.0,34,2,772.78,386.39,Future Purchase,Moderate Customers
15239.0,17,1,461.79,461.79,No Future Purchase,Recent Low-Value Customers
15240.0,23,4,1382.55,345.6375,Future Purchase,Moderate Customers
15241.0,5,8,1756.44,219.555,Future Purchase,Moderate Customers
15243.0,13,1,316.68,316.68,No Future Purchase,At-Risk / Inactive Customers
15244.0,4,2,631.57,315.785,No Future Purchase,Moderate Customers
15245.0,73,3,2515.84,838.6133333333333,Future Purchase,Moderate Customers
15246.0,177,2,514.15,257.075,No Future Purchase,At-Risk / Inactive Customers
15247.0,61,1,356.0,356.0,No Future Purchase,At-Risk / Inactive Customers
15249.0,4,12,6280.91,523.4091666666667,Future Purchase,High-Value Active Customers
15251.0,30,8,9695.82,1211.9775,Future Purchase,High-Value Active Customers
15252.0,122,1,300.55,300.55,No Future Purchase,Recent Low-Value Customers
15253.0,27,3,640.6,213.53333333333333,Future Purchase,Moderate Customers
15254.0,66,1,300.36,300.36,No Future Purchase,At-Risk / Inactive Customers
15255.0,5,1,890.85,890.85,No Future Purchase,At-Risk / Inactive Customers
15256.0,87,1,98.45,98.45,No Future Purchase,At-Risk / Inactive Customers
15257.0,222,1,317.15,317.15,No Future Purchase,At-Risk / Inactive Customers
15258.0,107,2,623.16,311.58,No Future Purchase,At-Risk / Inactive Customers
15260.0,39,7,1810.77,258.68142857142857,Future Purchase,Moderate Customers
15261.0,74,1,254.82,254.82,No Future Purchase,At-Risk / Inactive Customers
15262.0,262,1,178.95000000000002,178.95000000000002,No Future Purchase,At-Risk / Inactive Customers
15263.0,45,1,156.51,156.51,No Future Purchase,At-Risk / Inactive Customers
15264.0,3,1,393.74,393.74,No Future Purchase,At-Risk / Inactive Customers
15265.0,90,2,1506.1200000000001,753.0600000000001,No Future Purchase,Moderate Customers
15266.0,277,1,119.3,119.3,No Future Purchase,At-Risk / Inactive Customers
15267.0,94,2,1407.76,703.88,No Future Purchase,Moderate Customers
15270.0,56,5,1850.29,370.058,Future Purchase,High-Value Active Customers
15271.0,33,10,1592.58,159.25799999999998,Future Purchase,High-Value Active Customers
15272.0,25,1,298.96,298.96,No Future Purchase,Moderate Customers
15276.0,5,1,128.63,128.63,No Future Purchase,At-Risk / Inactive Customers
15279.0,293,1,290.51,290.51,No Future Purchase,At-Risk / Inactive Customers
15280.0,111,1,113.12,113.12,No Future Purchase,At-Risk / Inactive Customers
15281.0,75,8,2191.78,273.9725,Future Purchase,Moderate Customers
15287.0,9,1,340.98,340.98,No Future Purchase,Recent Low-Value Customers
15288.0,94,4,2006.3600000000001,501.59000000000003,Future Purchase,Moderate Customers
15289.0,76,2,697.98,348.99,No Future Purchase,Moderate Customers
15290.0,18,13,4459.87,343.06692307692305,Future Purchase,High-Value Active Customers
15291.0,33,12,3685.02,307.085,Future Purchase,High-Value Active Customers
15292.0,140,1,178.39,178.39,No Future Purchase,At-Risk / Inactive Customers
15296.0,48,5,2599.49,519.8979999999999,Future Purchase,Moderate Customers
15297.0,2,1,230.46,230.46,No Future Purchase,Recent Low-Value Customers
15298.0,31,7,3358.2200000000003,479.7457142857143,Future Purchase,High-Value Active Customers
15299.0,6,7,4507.01,643.8585714285715,Future Purchase,Moderate Customers
15300.0,3,1,496.44,496.44,No Future Purchase,At-Risk / Inactive Customers
15301.0,11,11,4446.19,404.1990909090909,Future Purchase,High-Value Active Customers
15303.0,229,1,574.02,574.02,No Future Purchase,At-Risk / Inactive Customers
15304.0,24,7,582.5,83.21428571428571,Future Purchase,Moderate Customers
15306.0,3,3,1174.35,391.45,No Future Purchase,Moderate Customers
15307.0,34,1,205.3,205.3,No Future Purchase,At-Risk / Inactive Customers
15308.0,213,1,310.47,310.47,No Future Purchase,At-Risk / Inactive Customers
15311.0,2,72,49237.44,683.8533333333334,Future Purchase,High-Value Active Customers
15312.0,14,4,924.85,231.2125,Future Purchase,Moderate Customers
15313.0,49,1,52.0,52.0,No Future Purchase,At-Risk / Inactive Customers
15314.0,138,1,327.97,327.97,No Future Purchase,At-Risk / Inactive Customers
15315.0,3,2,570.5,285.25,No Future Purchase,Moderate Customers
15316.0,265,1,165.0,165.0,Future Purchase,At-Risk / Inactive Customers
15319.0,222,1,204.5,204.5,No Future Purchase,At-Risk / Inactive Customers
15321.0,9,3,2748.31,916.1033333333334,Future Purchase,Moderate Customers
15322.0,24,1,679.68,679.68,No Future Purchase,At-Risk / Inactive Customers
15325.0,42,1,161.74,161.74,No Future Purchase,At-Risk / Inactive Customers
15326.0,272,1,311.71,311.71,No Future Purchase,At-Risk / Inactive Customers
15329.0,73,2,754.0,377.0,No Future Purchase,Moderate Customers
15332.0,305,4,1661.06,415.265,No Future Purchase,Moderate Customers
15333.0,147,1,1028.56,1028.56,No Future Purchase,At-Risk / Inactive Customers
15334.0,95,3,350.82,116.94,No Future Purchase,At-Risk / Inactive Customers
15339.0,5,2,574.07,287.035,No Future Purchase,At-Risk / Inactive Customers
15341.0,19,1,2020.52,2020.52,No Future Purchase,Moderate Customers
15342.0,68,1,406.09,406.09,No Future Purchase,At-Risk / Inactive Customers
15343.0,26,1,364.5,364.5,No Future Purchase,At-Risk / Inactive Customers
15344.0,13,1,308.69,308.69,Future Purchase,Recent Low-Value Customers
15346.0,271,1,252.42000000000002,252.42000000000002,No Future Purchase,At-Risk / Inactive Customers
15347.0,305,1,201.60000000000002,201.60000000000002,No Future Purchase,At-Risk / Inactive Customers
15348.0,11,1,158.04,158.04,No Future Purchase,At-Risk / Inactive Customers
15349.0,97,2,463.90999999999997,231.95499999999998,No Future Purchase,At-Risk / Inactive Customers
15350.0,312,1,115.65,115.65,No Future Purchase,At-Risk / Inactive Customers
15351.0,4,3,1017.59,339.19666666666666,Future Purchase,High-Value Active Customers
15353.0,193,2,770.12,385.06,No Future Purchase,At-Risk / Inactive Customers
15356.0,10,9,2567.9900000000002,285.33222222222224,Future Purchase,High-Value Active Customers
15358.0,13,18,6734.86,374.1588888888889,Future Purchase,High-Value Active Customers
15361.0,300,1,418.92,418.92,No Future Purchase,At-Risk / Inactive Customers
15363.0,311,1,326.0,326.0,No Future Purchase,At-Risk / Inactive Customers
15364.0,34,2,913.19,456.595,No Future Purchase,Moderate Customers
15365.0,20,4,1945.15,486.2875,Future Purchase,Moderate Customers
15366.0,14,2,602.51,301.255,No Future Purchase,At-Risk / Inactive Customers
15367.0,184,2,1416.18,708.09,No Future Purchase,Moderate Customers
15370.0,10,5,2039.25,407.85,Future Purchase,Moderate Customers
15372.0,76,1,2007.3999999999999,2007.3999999999999,No Future Purchase,Moderate Customers
15373.0,54,9,1686.9,187.43333333333334,Future Purchase,High-Value Active Customers
15374.0,67,1,168.0,168.0,No Future Purchase,At-Risk / Inactive Customers
15376.0,56,2,977.22,488.61,No Future Purchase,Moderate Customers
15379.0,108,7,3703.29,529.0414285714286,Future Purchase,Moderate Customers
15380.0,25,3,1004.5600000000001,334.85333333333335,Future Purchase,High-Value Active Customers
15381.0,152,2,596.85,298.425,No Future Purchase,At-Risk / Inactive Customers
15382.0,23,5,4709.9,941.9799999999999,Future Purchase,High-Value Active Customers
15384.0,108,2,642.41,321.205,No Future Purchase,At-Risk / Inactive Customers
15386.0,125,1,394.14,394.14,No Future Purchase,At-Risk / Inactive Customers
15388.0,209,1,140.54,140.54,No Future Purchase,At-Risk / Inactive Customers
15389.0,111,1,500.0,500.0,No Future Purchase,At-Risk / Inactive Customers
15392.0,27,2,665.46,332.73,No Future Purchase,Recent Low-Value Customers
15393.0,220,1,124.10000000000001,124.10000000000001,No Future Purchase,Recent Low-Value Customers
15394.0,17,3,1854.14,618.0466666666667,Future Purchase,Moderate Customers
15395.0,264,1,107.45,107.45,No Future Purchase,At-Risk / Inactive Customers
15396.0,51,1,288.18,288.18,No Future Purchase,At-Risk / Inactive Customers
15397.0,228,1,94.0,94.0,No Future Purchase,At-Risk / Inactive Customers
15398.0,17,1,634.85,634.85,No Future Purchase,Recent Low-Value Customers
15399.0,18,1,305.17,305.17,No Future Purchase,Recent Low-Value Customers
15400.0,31,5,716.2,143.24,Future Purchase,Moderate Customers
15402.0,87,2,626.77,313.385,No Future Purchase,At-Risk / Inactive Customers
15405.0,128,1,349.1,349.1,No Future Purchase,At-Risk / Inactive Customers
15406.0,240,1,252.29,252.29,No Future Purchase,Recent Low-Value Customers
15407.0,122,3,740.73,246.91,Future Purchase,Moderate Customers
15408.0,203,1,267.18,267.18,No Future Purchase,At-Risk / Inactive Customers
15410.0,23,8,3450.84,431.355,Future Purchase,Moderate Customers
15411.0,9,3,991.26,330.42,Future Purchase,Moderate Customers
15412.0,110,1,190.53,190.53,No Future Purchase,At-Risk / Inactive Customers
15414.0,181,1,36.2,36.2,No Future Purchase,Recent Low-Value Customers
15415.0,252,1,559.61,559.61,No Future Purchase,At-Risk / Inactive Customers
15416.0,3,4,3984.32,996.08,Future Purchase,Moderate Customers
15417.0,24,1,508.8,508.8,No Future Purchase,At-Risk / Inactive Customers
15421.0,154,3,739.36,246.45333333333335,Future Purchase,Moderate Customers
15422.0,262,2,97.7,48.85,No Future Purchase,At-Risk / Inactive Customers
15424.0,193,2,383.34,191.67,No Future Purchase,At-Risk / Inactive Customers
15426.0,196,2,634.13,317.065,No Future Purchase,Moderate Customers
15429.0,14,1,243.06,243.06,No Future Purchase,Recent Low-Value Customers
15433.0,152,2,533.3,266.65,No Future Purchase,At-Risk / Inactive Customers
15434.0,46,3,587.28,195.76,Future Purchase,Recent Low-Value Customers
15436.0,173,1,484.1,484.1,No Future Purchase,Recent Low-Value Customers
15437.0,201,1,200.16,200.16,No Future Purchase,At-Risk / Inactive Customers
15438.0,70,1,156.57999999999998,156.57999999999998,No Future Purchase,At-Risk / Inactive Customers
15440.0,75,2,237.66,118.83,No Future Purchase,Moderate Customers
15442.0,187,1,594.0,594.0,No Future Purchase,At-Risk / Inactive Customers
15443.0,12,3,1054.34,351.44666666666666,Future Purchase,High-Value Active Customers
15445.0,203,1,113.5,113.5,No Future Purchase,At-Risk / Inactive Customers
15447.0,269,1,155.17,155.17,No Future Purchase,At-Risk / Inactive Customers
15448.0,251,1,494.64,494.64,No Future Purchase,At-Risk / Inactive Customers
15449.0,124,2,647.7,323.85,No Future Purchase,Moderate Customers
15452.0,10,2,403.08,201.54,No Future Purchase,Recent Low-Value Customers
15453.0,31,4,701.2,175.3,Future Purchase,High-Value Active Customers
15454.0,301,1,179.1,179.1,No Future Purchase,At-Risk / Inactive Customers
15456.0,222,3,434.59000000000003,144.86333333333334,No Future Purchase,At-Risk / Inactive Customers
15457.0,201,1,237.07,237.07,No Future Purchase,At-Risk / Inactive Customers
15460.0,293,1,214.26,214.26,No Future Purchase,At-Risk / Inactive Customers
15462.0,33,3,234.6,78.2,No Future Purchase,At-Risk / Inactive Customers
15464.0,277,1,1044.65,1044.65,No Future Purchase,At-Risk / Inactive Customers
15465.0,0,17,6568.179999999999,386.36352941176466,Future Purchase,High-Value Active Customers
15466.0,24,1,334.53,334.53,No Future Purchase,At-Risk / Inactive Customers
15467.0,84,2,402.56,201.28,No Future Purchase,Recent Low-Value Customers
15469.0,59,1,304.3,304.3,No Future Purchase,Recent Low-Value Customers
15472.0,52,1,371.56,371.56,No Future Purchase,At-Risk / Inactive Customers
15475.0,16,1,454.10999999999996,454.10999999999996,No Future Purchase,At-Risk / Inactive Customers
15480.0,55,1,905.5,905.5,No Future Purchase,At-Risk / Inactive Customers
15482.0,104,4,1928.3,482.075,Future Purchase,High-Value Active Customers
15483.0,100,4,225.26,56.315,No Future Purchase,At-Risk / Inactive Customers
15484.0,17,1,1632.62,1632.62,Future Purchase,High-Value Active Customers
15485.0,275,2,1268.13,634.065,No Future Purchase,Moderate Customers
15488.0,31,1,91.32000000000001,91.32000000000001,No Future Purchase,At-Risk / Inactive Customers
15489.0,150,1,348.26,348.26,No Future Purchase,Moderate Customers
15491.0,34,6,3100.09,516.6816666666667,Future Purchase,Moderate Customers
15492.0,13,1,487.74,487.74,No Future Purchase,Recent Low-Value Customers
15493.0,88,3,1286.95,428.98333333333335,Future Purchase,Moderate Customers
15494.0,60,1,1119.88,1119.88,No Future Purchase,Recent Low-Value Customers
15497.0,258,1,970.6,970.6,No Future Purchase,Recent Low-Value Customers
15498.0,23,21,10183.55,484.93095238095236,Future Purchase,High-Value Active Customers
15500.0,20,1,406.02,406.02,No Future Purchase,Recent Low-Value Customers
15502.0,6,10,9736.98,973.698,Future Purchase,High-Value Active Customers
15503.0,301,1,141.04,141.04,No Future Purchase,At-Risk / Inactive Customers
15504.0,20,1,52.83,52.83,No Future Purchase,At-Risk / Inactive Customers
15505.0,23,4,2730.38,682.595,Future Purchase,Moderate Customers
15506.0,77,1,208.77,208.77,No Future Purchase,Moderate Customers
15507.0,110,1,475.86,475.86,No Future Purchase,At-Risk / Inactive Customers
15508.0,128,6,1000.27,166.71166666666667,No Future Purchase,Moderate Customers
15510.0,269,1,250.0,250.0,No Future Purchase,At-Risk / Inactive Customers
15511.0,24,1,202.9,202.9,No Future Purchase,Recent Low-Value Customers
15512.0,94,2,121.0,60.5,No Future Purchase,At-Risk / Inactive Customers
15513.0,33,17,11352.14,667.7729411764706,Future Purchase,High-Value Active Customers
15514.0,164,6,2501.94,416.99,No Future Purchase,High-Value Active Customers
15517.0,172,1,267.03,267.03,No Future Purchase,At-Risk / Inactive Customers
15518.0,3,8,1921.55,240.19375,Future Purchase,Moderate Customers
15521.0,33,7,2326.7799999999997,332.3971428571428,Future Purchase,Moderate Customers
15522.0,26,1,259.05,259.05,No Future Purchase,Recent Low-Value Customers
15523.0,23,1,412.01000000000005,412.01000000000005,No Future Purchase,At-Risk / Inactive Customers
15525.0,312,1,274.93,274.93,No Future Purchase,Recent Low-Value Customers
15527.0,28,6,1608.3400000000001,268.0566666666667,Future Purchase,High-Value Active Customers
15528.0,193,1,229.33,229.33,No Future Purchase,At-Risk / Inactive Customers
15529.0,5,10,3613.04,361.304,Future Purchase,High-Value Active Customers
15530.0,88,3,1163.69,387.8966666666667,No Future Purchase,Moderate Customers
15532.0,70,3,1214.49,404.83,Future Purchase,Moderate Customers
15533.0,21,2,554.74,277.37,Future Purchase,Recent Low-Value Customers
15535.0,112,4,502.9,125.725,No Future Purchase,Moderate Customers
15537.0,102,1,110.92,110.92,No Future Purchase,At-Risk / Inactive Customers
15541.0,53,1,85.13000000000001,85.13000000000001,No Future Purchase,At-Risk / Inactive Customers
15543.0,227,1,127.86,127.86,No Future Purchase,At-Risk / Inactive Customers
15544.0,58,7,2772.37,396.05285714285714,Future Purchase,High-Value Active Customers
15545.0,310,1,135.32999999999998,135.32999999999998,No Future Purchase,At-Risk / Inactive Customers
15547.0,7,12,4161.27,346.77250000000004,Future Purchase,High-Value Active Customers
15549.0,16,3,1681.46,560.4866666666667,Future Purchase,Moderate Customers
15550.0,45,3,433.28,144.42666666666665,Future Purchase,Recent Low-Value Customers
15552.0,156,1,90.12,90.12,No Future Purchase,At-Risk / Inactive Customers
15554.0,216,1,217.2,217.2,No Future Purchase,At-Risk / Inactive Customers
15555.0,7,12,3423.95,285.32916666666665,Future Purchase,High-Value Active Customers
15561.0,88,3,449.66999999999996,149.89,No Future Purchase,Recent Low-Value Customers
15562.0,290,1,134.55,134.55,No Future Purchase,At-Risk / Inactive Customers
15563.0,139,2,735.62,367.81,No Future Purchase,Moderate Customers
15565.0,9,1,88.8,88.8,No Future Purchase,At-Risk / Inactive Customers
15568.0,12,1,228.31,228.31,No Future Purchase,Recent Low-Value Customers
15569.0,42,5,1375.71,275.142,Future Purchase,Moderate Customers
15570.0,80,9,2809.98,312.22,Future Purchase,High-Value Active Customers
15571.0,17,1,202.35,202.35,No Future Purchase,Recent Low-Value Customers
15572.0,48,4,1552.79,388.1975,Future Purchase,High-Value Active Customers
15573.0,24,1,404.09,404.09,No Future Purchase,Recent Low-Value Customers
15574.0,116,4,675.64,168.91,Future Purchase,Moderate Customers
15577.0,90,3,258.88,86.29333333333334,No Future Purchase,At-Risk / Inactive Customers
15578.0,101,1,127.1,127.1,No Future Purchase,At-Risk / Inactive Customers
15579.0,7,2,327.6,163.8,No Future Purchase,At-Risk / Inactive Customers
15581.0,59,13,3675.77,282.7515384615385,Future Purchase,Moderate Customers
15582.0,39,2,541.51,270.755,No Future Purchase,Recent Low-Value Customers
15584.0,11,2,288.43,144.215,No Future Purchase,Moderate Customers
15585.0,115,1,455.3,455.3,No Future Purchase,At-Risk / Inactive Customers
15587.0,28,3,801.72,267.24,Future Purchase,Moderate Customers
15589.0,194,3,478.53000000000003,159.51000000000002,No Future Purchase,At-Risk / Inactive Customers
15593.0,9,1,199.8,199.8,No Future Purchase,At-Risk / Inactive Customers
15594.0,20,3,1506.43,502.1433333333334,Future Purchase,Moderate Customers
15596.0,39,5,1406.59,281.318,Future Purchase,Moderate Customers
15599.0,143,1,448.83,448.83,No Future Purchase,Recent Low-Value Customers
15601.0,28,12,5817.02,484.7516666666667,Future Purchase,High-Value Active Customers
15602.0,9,6,945.19,157.53166666666667,Future Purchase,High-Value Active Customers
15603.0,17,1,48.480000000000004,48.480000000000004,No Future Purchase,At-Risk / Inactive Customers
15605.0,28,4,894.78,223.695,Future Purchase,Moderate Customers
15606.0,0,9,2920.16,324.4622222222222,Future Purchase,Moderate Customers
15607.0,275,1,104.76,104.76,No Future Purchase,At-Risk / Inactive Customers
15608.0,59,1,285.68,285.68,No Future Purchase,Moderate Customers
15609.0,123,1,298.48,298.48,No Future Purchase,At-Risk / Inactive Customers
15611.0,9,10,1095.8400000000001,109.58400000000002,Future Purchase,High-Value Active Customers
15612.0,0,1,69.65,69.65,Future Purchase,Recent Low-Value Customers
15615.0,2,20,8192.26,409.613,Future Purchase,High-Value Active Customers
15618.0,31,3,419.041,139.68033333333332,Future Purchase,Moderate Customers
15620.0,159,2,875.01,437.505,No Future Purchase,Moderate Customers
15622.0,25,8,3327.61,415.95125,Future Purchase,High-Value Active Customers
15623.0,80,1,301.03,301.03,No Future Purchase,At-Risk / Inactive Customers
15624.0,55,4,588.13,147.0325,No Future Purchase,Moderate Customers
15625.0,42,4,1534.26,383.565,Future Purchase,Moderate Customers
15626.0,13,2,675.8,337.9,No Future Purchase,Moderate Customers
15628.0,4,6,2041.8600000000001,340.31,Future Purchase,High-Value Active Customers
15630.0,143,1,396.86,396.86,No Future Purchase,Moderate Customers
15632.0,2,7,2978.96,425.5657142857143,Future Purchase,High-Value Active Customers
15636.0,28,2,724.76,362.38,No Future Purchase,Moderate Customers
15639.0,73,1,425.32,425.32,No Future Purchase,At-Risk / Inactive Customers
15640.0,17,12,9361.0,780.0833333333334,Future Purchase,High-Value Active Customers
15641.0,44,4,1887.2,471.8,Future Purchase,Moderate Customers
15643.0,130,3,664.0,221.33333333333334,Future Purchase,Moderate Customers
15644.0,105,4,803.54,200.885,Future Purchase,Moderate Customers
15646.0,96,3,447.64000000000004,149.21333333333334,No Future Purchase,At-Risk / Inactive Customers
15648.0,143,2,639.5,319.75,No Future Purchase,At-Risk / Inactive Customers
15649.0,275,2,816.0,408.0,No Future Purchase,At-Risk / Inactive Customers
15651.0,199,1,227.32,227.32,No Future Purchase,Moderate Customers
15652.0,30,1,337.74,337.74,No Future Purchase,At-Risk / Inactive Customers
15653.0,31,2,877.4399999999999,438.71999999999997,No Future Purchase,Moderate Customers
15655.0,182,1,560.67,560.67,No Future Purchase,At-Risk / Inactive Customers
15656.0,117,3,563.63,187.87666666666667,Future Purchase,Moderate Customers
15658.0,129,5,1024.1000000000001,204.82000000000002,No Future Purchase,Moderate Customers
15660.0,24,7,1256.5,179.5,Future Purchase,High-Value Active Customers
15661.0,256,2,309.8,154.9,No Future Purchase,At-Risk / Inactive Customers
15663.0,45,1,138.14,138.14,No Future Purchase,At-Risk / Inactive Customers
15665.0,107,2,2222.21,1111.105,No Future Purchase,Moderate Customers
15668.0,156,1,76.32000000000001,76.32000000000001,No Future Purchase,At-Risk / Inactive Customers
15669.0,42,3,565.54,188.51333333333332,Future Purchase,Moderate Customers
15670.0,235,1,173.05,173.05,No Future Purchase,At-Risk / Inactive Customers
15671.0,33,5,1972.89,394.57800000000003,Future Purchase,High-Value Active Customers
15673.0,27,4,2726.23,681.5575,Future Purchase,Moderate Customers
15674.0,12,5,2446.6,489.32,Future Purchase,Moderate Customers
15675.0,20,3,323.69,107.89666666666666,No Future Purchase,At-Risk / Inactive Customers
15676.0,222,1,897.8,897.8,No Future Purchase,Moderate Customers
15679.0,93,2,260.26,130.13,No Future Purchase,Moderate Customers
15680.0,305,1,478.89,478.89,No Future Purchase,Recent Low-Value Customers
15681.0,122,3,703.22,234.40666666666667,No Future Purchase,Moderate Customers
15683.0,56,1,193.75,193.75,No Future Purchase,At-Risk / Inactive Customers
15687.0,4,6,2241.18,373.53,Future Purchase,High-Value Active Customers
15689.0,58,2,254.1,127.05,No Future Purchase,At-Risk / Inactive Customers
15690.0,39,1,111.0,111.0,No Future Purchase,Recent Low-Value Customers
15691.0,191,1,136.8,136.8,No Future Purchase,At-Risk / Inactive Customers
15694.0,5,10,4716.04,471.604,Future Purchase,High-Value Active Customers
15695.0,205,2,409.98,204.99,No Future Purchase,At-Risk / Inactive Customers
15696.0,18,7,2008.9,286.9857142857143,Future Purchase,Moderate Customers
15700.0,111,2,696.68,348.34,No Future Purchase,At-Risk / Inactive Customers
15701.0,7,3,1210.06,403.3533333333333,Future Purchase,High-Value Active Customers
15703.0,203,1,211.5,211.5,No Future Purchase,At-Risk / Inactive Customers
15704.0,79,4,2293.62,573.405,Future Purchase,Moderate Customers
15705.0,140,1,143.1,143.1,No Future Purchase,At-Risk / Inactive Customers
15706.0,2,4,1060.56,265.14,Future Purchase,Moderate Customers
15707.0,3,2,347.1,173.55,No Future Purchase,Moderate Customers
15708.0,77,6,2589.34,431.5566666666667,Future Purchase,Moderate Customers
15709.0,222,1,133.25,133.25,No Future Purchase,At-Risk / Inactive Customers
15712.0,10,4,865.9100000000001,216.47750000000002,Future Purchase,Recent Low-Value Customers
15713.0,82,2,356.7,178.35,No Future Purchase,At-Risk / Inactive Customers
15714.0,16,1,132.48000000000002,132.48000000000002,No Future Purchase,Recent Low-Value Customers
15716.0,84,4,1101.1100000000001,275.27750000000003,Future Purchase,Moderate Customers
15717.0,173,1,150.3,150.3,No Future Purchase,At-Risk / Inactive Customers
15719.0,2,12,4416.13,368.0108333333333,Future Purchase,High-Value Active Customers
15722.0,47,3,1413.45,471.15000000000003,Future Purchase,Moderate Customers
15723.0,303,1,190.7,190.7,No Future Purchase,At-Risk / Inactive Customers
15724.0,140,2,218.25,109.125,No Future Purchase,At-Risk / Inactive Customers
15727.0,46,6,4589.39,764.8983333333334,Future Purchase,High-Value Active Customers
15729.0,151,1,85.0,85.0,No Future Purchase,At-Risk / Inactive Customers
15730.0,4,3,1120.88,373.6266666666667,Future Purchase,Moderate Customers
15732.0,151,2,294.12,147.06,No Future Purchase,At-Risk / Inactive Customers
15733.0,221,1,162.3,162.3,No Future Purchase,At-Risk / Inactive Customers
15734.0,53,2,1339.45,669.725,Future Purchase,Moderate Customers
15737.0,18,6,1064.51,177.41833333333332,Future Purchase,High-Value Active Customers
15738.0,2,14,4159.97,297.1407142857143,Future Purchase,High-Value Active Customers
15739.0,5,1,449.12,449.12,No Future Purchase,At-Risk / Inactive Customers
15743.0,52,2,434.05,217.025,Future Purchase,Recent Low-Value Customers
15744.0,16,1,34.8,34.8,No Future Purchase,At-Risk / Inactive Customers
15745.0,12,2,607.75,303.875,No Future Purchase,Moderate Customers
15746.0,73,1,196.88,196.88,No Future Purchase,At-Risk / Inactive Customers
15747.0,59,2,525.37,262.685,No Future Purchase,Recent Low-Value Customers
15749.0,174,3,44534.3,14844.766666666668,No Future Purchase,Moderate Customers
15750.0,11,5,1615.47,323.094,Future Purchase,High-Value Active Customers
15752.0,32,6,2093.37,348.895,Future Purchase,Moderate Customers
15753.0,243,1,79.2,79.2,No Future Purchase,At-Risk / Inactive Customers
15754.0,12,2,303.42,151.71,No Future Purchase,Moderate Customers
15755.0,13,5,2076.7400000000002,415.34800000000007,Future Purchase,High-Value Active Customers
15756.0,0,4,528.01,132.0025,Future Purchase,Moderate Customers
15757.0,4,2,714.42,357.21,No Future Purchase,Moderate Customers
15759.0,157,3,253.04,84.34666666666666,No Future Purchase,At-Risk / Inactive Customers
15762.0,4,2,583.75,291.875,No Future Purchase,Moderate Customers
15763.0,16,1,522.49,522.49,No Future Purchase,Moderate Customers
15764.0,27,6,3279.97,546.6616666666666,Future Purchase,Moderate Customers
15766.0,3,1,315.06,315.06,No Future Purchase,At-Risk / Inactive Customers
15768.0,54,3,621.8299999999999,207.27666666666664,Future Purchase,Moderate Customers
15769.0,3,22,48367.72,2198.5327272727272,Future Purchase,High-Value Active Customers
15774.0,7,1,270.8,270.8,No Future Purchase,At-Risk / Inactive Customers
15775.0,184,1,104.9,104.9,No Future Purchase,At-Risk / Inactive Customers
15776.0,72,1,241.62,241.62,No Future Purchase,At-Risk / Inactive Customers
15777.0,180,4,1047.11,261.7775,Future Purchase,Moderate Customers
15780.0,122,3,475.28000000000003,158.42666666666668,No Future Purchase,At-Risk / Inactive Customers
15781.0,76,2,211.3,105.65,No Future Purchase,Recent Low-Value Customers
15782.0,28,1,1638.3400000000001,1638.3400000000001,Future Purchase,Moderate Customers
15785.0,96,4,1665.83,416.4575,No Future Purchase,Moderate Customers
15786.0,53,1,3147.64,3147.64,No Future Purchase,Moderate Customers
15787.0,0,1,479.1,479.1,No Future Purchase,Moderate Customers
15789.0,297,1,351.3,351.3,No Future Purchase,At-Risk / Inactive Customers
15791.0,143,1,1223.24,1223.24,Future Purchase,Moderate Customers
15793.0,207,1,306.64,306.64,No Future Purchase,Recent Low-Value Customers
15795.0,88,1,610.01,610.01,No Future Purchase,At-Risk / Inactive Customers
15796.0,11,6,1884.76,314.12666666666667,Future Purchase,High-Value Active Customers
15797.0,52,4,2207.4,551.85,Future Purchase,Moderate Customers
15799.0,14,3,884.14,294.7133333333333,Future Purchase,Moderate Customers
15800.0,46,2,696.89,348.445,No Future Purchase,At-Risk / Inactive Customers
15801.0,48,1,137.22,137.22,No Future Purchase,Moderate Customers
15802.0,81,1,451.42,451.42,No Future Purchase,At-Risk / Inactive Customers
15804.0,3,9,3173.52,352.61333333333334,Future Purchase,High-Value Active Customers
15805.0,3,12,3818.75,318.2291666666667,Future Purchase,High-Value Active Customers
15806.0,96,2,521.88,260.94,No Future Purchase,Moderate Customers
15807.0,16,1,635.6,635.6,No Future Purchase,Moderate Customers
15808.0,245,4,3651.27,912.8175,No Future Purchase,Moderate Customers
15809.0,123,4,399.21,99.8025,No Future Purchase,Moderate Customers
15810.0,17,4,1391.98,347.995,Future Purchase,Moderate Customers
15811.0,44,5,1773.8,354.76,Future Purchase,Moderate Customers
15812.0,46,5,1801.14,360.228,Future Purchase,Moderate Customers
15813.0,146,2,1303.9099999999999,651.9549999999999,No Future Purchase,Moderate Customers
15815.0,2,5,2100.6,420.12,Future Purchase,Moderate Customers
15819.0,70,3,1585.47,528.49,Future Purchase,Moderate Customers
15820.0,258,1,206.98,206.98,No Future Purchase,At-Risk / Inactive Customers
15821.0,0,1,254.18,254.18,No Future Purchase,Recent Low-Value Customers
15822.0,298,1,440.2,440.2,No Future Purchase,Recent Low-Value Customers
15823.0,311,1,15.0,15.0,No Future Purchase,At-Risk / Inactive Customers
15825.0,111,1,532.94,532.94,No Future Purchase,At-Risk / Inactive Customers
15826.0,149,1,720.0,720.0,No Future Purchase,Moderate Customers
15827.0,12,14,1836.0900000000001,131.14928571428572,Future Purchase,Moderate Customers
15829.0,38,2,636.14,318.07,No Future Purchase,At-Risk / Inactive Customers
15831.0,63,2,451.11,225.555,Future Purchase,Moderate Customers
15832.0,193,1,836.79,836.79,No Future Purchase,At-Risk / Inactive Customers
15834.0,9,4,2225.15,556.2875,Future Purchase,Moderate Customers
15835.0,76,3,675.51,225.17,Future Purchase,Moderate Customers
15837.0,3,1,391.98,391.98,No Future Purchase,At-Risk / Inactive Customers
15838.0,3,14,28333.58,2023.827142857143,Future Purchase,High-Value Active Customers
15839.0,19,2,790.36,395.18,No Future Purchase,Moderate Customers
15840.0,111,1,241.74,241.74,No Future Purchase,At-Risk / Inactive Customers
15841.0,11,4,1224.06,306.015,Future Purchase,Moderate Customers
15843.0,242,1,118.95000000000002,118.95000000000002,No Future Purchase,At-Risk / Inactive Customers
15845.0,25,6,3070.0,511.6666666666667,Future Purchase,High-Value Active Customers
15847.0,227,1,180.68,180.68,No Future Purchase,Recent Low-Value Customers
15850.0,107,1,116.16,116.16,No Future Purchase,Recent Low-Value Customers
15852.0,125,2,160.71,80.355,No Future Purchase,At-Risk / Inactive Customers
15854.0,25,10,2839.94,283.994,Future Purchase,High-Value Active Customers
15855.0,75,5,712.24,142.448,Future Purchase,Moderate Customers
15856.0,4,18,11751.57,652.865,Future Purchase,High-Value Active Customers
15858.0,16,3,970.12,323.37333333333333,Future Purchase,Moderate Customers
15860.0,14,7,863.15,123.30714285714285,Future Purchase,Moderate Customers
15861.0,73,3,1123.76,374.58666666666664,Future Purchase,High-Value Active Customers
15862.0,51,3,659.73,219.91,Future Purchase,Recent Low-Value Customers
15863.0,131,1,9.2,9.2,Future Purchase,Recent Low-Value Customers
15864.0,5,4,1478.4,369.6,Future Purchase,Moderate Customers
15865.0,27,2,603.85,301.925,No Future Purchase,Moderate Customers
15866.0,40,1,211.89,211.89,No Future Purchase,At-Risk / Inactive Customers
15867.0,9,13,3305.12,254.23999999999998,Future Purchase,High-Value Active Customers
15869.0,216,2,149.64,74.82,No Future Purchase,At-Risk / Inactive Customers
15874.0,2,7,4405.88,629.4114285714286,Future Purchase,Moderate Customers
15880.0,308,1,329.03000000000003,329.03000000000003,No Future Purchase,At-Risk / Inactive Customers
15881.0,251,5,501.39000000000004,100.278,No Future Purchase,Moderate Customers
15882.0,137,4,516.36,129.09,No Future Purchase,Moderate Customers
15885.0,31,3,379.35,126.45,Future Purchase,At-Risk / Inactive Customers
15888.0,19,1,168.31,168.31,No Future Purchase,At-Risk / Inactive Customers
15889.0,95,2,420.07,210.035,No Future Purchase,At-Risk / Inactive Customers
15891.0,165,1,511.68,511.68,No Future Purchase,At-Risk / Inactive Customers
15894.0,192,2,258.25,129.125,No Future Purchase,At-Risk / Inactive Customers
15895.0,88,1,179.17,179.17,No Future Purchase,At-Risk / Inactive Customers
15897.0,133,2,208.59,104.295,No Future Purchase,At-Risk / Inactive Customers
15898.0,165,4,997.94,249.485,Future Purchase,High-Value Active Customers
15899.0,307,1,56.25,56.25,No Future Purchase,At-Risk / Inactive Customers
15901.0,16,2,229.2,114.6,No Future Purchase,Recent Low-Value Customers
15903.0,9,4,2520.36,630.09,Future Purchase,High-Value Active Customers
15906.0,7,5,1388.2,277.64,Future Purchase,Moderate Customers
15907.0,115,2,477.59000000000003,238.79500000000002,No Future Purchase,Recent Low-Value Customers
15909.0,112,1,191.94,191.94,No Future Purchase,At-Risk / Inactive Customers
15910.0,3,6,851.77,141.96166666666667,Future Purchase,High-Value Active Customers
15912.0,117,2,264.62,132.31,No Future Purchase,At-Risk / Inactive Customers
15916.0,16,6,965.85,160.975,Future Purchase,High-Value Active Customers
15917.0,186,1,123.1,123.1,No Future Purchase,At-Risk / Inactive Customers
15918.0,129,2,334.23,167.115,No Future Purchase,At-Risk / Inactive Customers
15919.0,307,1,214.07999999999998,214.07999999999998,No Future Purchase,Recent Low-Value Customers
15920.0,93,4,167.5,41.875,No Future Purchase,At-Risk / Inactive Customers
15921.0,111,1,323.03000000000003,323.03000000000003,No Future Purchase,At-Risk / Inactive Customers
15922.0,312,1,369.5,369.5,No Future Purchase,At-Risk / Inactive Customers
15923.0,311,1,127.08,127.08,No Future Purchase,At-Risk / Inactive Customers
15925.0,133,1,207.15,207.15,No Future Purchase,At-Risk / Inactive Customers
15930.0,6,1,426.63,426.63,No Future Purchase,At-Risk / Inactive Customers
15932.0,27,7,2195.65,313.6642857142857,Future Purchase,High-Value Active Customers
15933.0,10,2,728.27,364.135,No Future Purchase,Moderate Customers
15935.0,178,2,416.86,208.43,No Future Purchase,At-Risk / Inactive Customers
15937.0,3,1,145.35,145.35,No Future Purchase,At-Risk / Inactive Customers
15938.0,51,5,404.58,80.916,No Future Purchase,Moderate Customers
15939.0,28,15,6115.01,407.6673333333334,Future Purchase,High-Value Active Customers
15940.0,250,1,35.8,35.8,No Future Purchase,At-Risk / Inactive Customers
15942.0,72,1,337.44,337.44,No Future Purchase,At-Risk / Inactive Customers
15944.0,215,1,325.1,325.1,No Future Purchase,At-Risk / Inactive Customers
15945.0,304,1,181.0,181.0,No Future Purchase,At-Risk / Inactive Customers
15947.0,21,1,1708.24,1708.24,No Future Purchase,Moderate Customers
15949.0,10,1,237.04000000000002,237.04000000000002,No Future Purchase,Recent Low-Value Customers
15950.0,17,3,1326.42,442.14000000000004,Future Purchase,Moderate Customers
15951.0,224,1,375.16999999999996,375.16999999999996,No Future Purchase,Recent Low-Value Customers
15952.0,7,3,558.64,186.21333333333334,Future Purchase,Moderate Customers
15953.0,4,5,1075.73,215.14600000000002,Future Purchase,High-Value Active Customers
15955.0,5,11,2974.4900000000002,270.40818181818184,Future Purchase,High-Value Active Customers
15958.0,13,1,104.35,104.35,No Future Purchase,At-Risk / Inactive Customers
15965.0,306,1,156.19,156.19,No Future Purchase,Recent Low-Value Customers
15967.0,257,1,161.9,161.9,No Future Purchase,Recent Low-Value Customers
15969.0,124,1,308.7,308.7,Future Purchase,Recent Low-Value Customers
15970.0,242,1,314.1,314.1,No Future Purchase,At-Risk / Inactive Customers
15971.0,6,9,2586.85,287.42777777777775,Future Purchase,High-Value Active Customers
15973.0,305,1,307.82000000000005,307.82000000000005,No Future Purchase,At-Risk / Inactive Customers
15974.0,34,6,2895.0099999999998,482.5016666666666,Future Purchase,Moderate Customers
15975.0,23,1,371.01,371.01,No Future Purchase,At-Risk / Inactive Customers
15976.0,104,2,427.64,213.82,No Future Purchase,At-Risk / Inactive Customers
15978.0,16,1,1098.78,1098.78,No Future Purchase,At-Risk / Inactive Customers
15980.0,27,3,2398.86,799.62,Future Purchase,Moderate Customers
15981.0,16,7,2849.88,407.1257142857143,Future Purchase,High-Value Active Customers
15983.0,299,3,1138.37,379.45666666666665,Future Purchase,Moderate Customers
15984.0,10,8,2050.71,256.33875,Future Purchase,High-Value Active Customers
15985.0,62,2,1142.42,571.21,No Future Purchase,Moderate Customers
15987.0,59,6,1193.63,198.93833333333336,Future Purchase,High-Value Active Customers
15990.0,226,1,401.37,401.37,No Future Purchase,Moderate Customers
15996.0,27,6,1032.58,172.09666666666666,Future Purchase,Moderate Customers
15998.0,26,4,2503.96,625.99,Future Purchase,Moderate Customers
16003.0,73,3,1793.9,597.9666666666667,Future Purchase,Moderate Customers
16005.0,121,2,275.41,137.705,No Future Purchase,Recent Low-Value Customers
16006.0,150,1,101.4,101.4,No Future Purchase,At-Risk / Inactive Customers
16007.0,7,3,1477.71,492.57,Future Purchase,Moderate Customers
16008.0,14,2,330.71,165.355,Future Purchase,Recent Low-Value Customers
16009.0,98,1,441.59000000000003,441.59000000000003,No Future Purchase,Moderate Customers
16010.0,184,3,392.4,130.79999999999998,No Future Purchase,At-Risk / Inactive Customers
16011.0,10,13,2457.54,189.04153846153847,Future Purchase,High-Value Active Customers
16012.0,67,2,1132.12,566.06,No Future Purchase,Moderate Customers
16013.0,6,38,25859.4,680.5105263157895,Future Purchase,High-Value Active Customers
16014.0,91,2,514.38,257.19,No Future Purchase,Moderate Customers
16016.0,18,5,899.99,179.998,Future Purchase,High-Value Active Customers
16018.0,119,1,161.9,161.9,No Future Purchase,Recent Low-Value Customers
16019.0,75,7,2952.25,421.75,Future Purchase,High-Value Active Customers
16020.0,4,1,518.8,518.8,No Future Purchase,Recent Low-Value Customers
16022.0,199,1,602.63,602.63,No Future Purchase,At-Risk / Inactive Customers
16023.0,131,2,500.69,250.345,No Future Purchase,Moderate Customers
16027.0,30,6,934.62,155.77,Future Purchase,Moderate Customers
16029.0,2,58,69542.38,1199.006551724138,Future Purchase,High-Value Active Customers
16030.0,248,1,331.24,331.24,No Future Purchase,At-Risk / Inactive Customers
16031.0,31,2,547.9,273.95,No Future Purchase,At-Risk / Inactive Customers
16033.0,5,18,7185.36,399.18666666666667,Future Purchase,High-Value Active Customers
16034.0,135,3,437.7,145.9,No Future Purchase,At-Risk / Inactive Customers
16036.0,26,2,758.92,379.46,No Future Purchase,Moderate Customers
16037.0,208,3,855.02,285.00666666666666,Future Purchase,Moderate Customers
16038.0,116,2,393.33,196.665,No Future Purchase,Recent Low-Value Customers
16040.0,4,3,1313.55,437.84999999999997,Future Purchase,Moderate Customers
16041.0,80,2,2739.8,1369.9,No Future Purchase,Moderate Customers
16042.0,46,2,440.48,220.24,Future Purchase,Moderate Customers
16043.0,150,3,676.49,225.49666666666667,Future Purchase,Moderate Customers
16045.0,58,4,1340.7,335.175,Future Purchase,Moderate Customers
16048.0,312,2,256.44,128.22,No Future Purchase,At-Risk / Inactive Customers
16049.0,14,1,484.11,484.11,No Future Purchase,Moderate Customers
16050.0,112,1,137.9,137.9,No Future Purchase,At-Risk / Inactive Customers
16053.0,61,1,1124.19,1124.19,No Future Purchase,Moderate Customers
16054.0,84,1,783.9,783.9,No Future Purchase,At-Risk / Inactive Customers
16055.0,159,1,134.8,134.8,No Future Purchase,At-Risk / Inactive Customers
16057.0,35,6,1544.23,257.37166666666667,Future Purchase,High-Value Active Customers
16059.0,4,6,1453.16,242.19333333333336,Future Purchase,Moderate Customers
16062.0,72,3,778.14,259.38,Future Purchase,Recent Low-Value Customers
16063.0,199,1,335.32,335.32,No Future Purchase,At-Risk / Inactive Customers
16065.0,304,1,367.14,367.14,No Future Purchase,At-Risk / Inactive Customers
16066.0,0,2,680.14,340.07,No Future Purchase,Moderate Customers
16072.0,227,1,584.3199999999999,584.3199999999999,No Future Purchase,At-Risk / Inactive Customers
16073.0,236,1,122.39999999999999,122.39999999999999,No Future Purchase,At-Risk / Inactive Customers
16076.0,18,6,1455.81,242.635,Future Purchase,High-Value Active Customers
16078.0,222,1,79.2,79.2,No Future Purchase,At-Risk / Inactive Customers
16080.0,20,2,217.16,108.58,No Future Purchase,At-Risk / Inactive Customers
16081.0,26,4,2591.92,647.98,Future Purchase,Moderate Customers
16083.0,39,2,1317.62,658.81,Future Purchase,Moderate Customers
16084.0,238,1,436.18,436.18,No Future Purchase,At-Risk / Inactive Customers
16085.0,18,3,619.65,206.54999999999998,Future Purchase,Moderate Customers
16086.0,37,4,899.7,224.925,Future Purchase,Moderate Customers
16091.0,93,2,315.06,157.53,No Future Purchase,At-Risk / Inactive Customers
16092.0,53,3,817.86,272.62,Future Purchase,Moderate Customers
16093.0,45,1,17.0,17.0,No Future Purchase,At-Risk / Inactive Customers
16094.0,158,1,252.1,252.1,No Future Purchase,Recent Low-Value Customers
16096.0,203,1,320.62,320.62,No Future Purchase,At-Risk / Inactive Customers
16097.0,179,1,185.04999999999998,185.04999999999998,No Future Purchase,At-Risk / Inactive Customers
16098.0,26,7,2005.63,286.5185714285714,Future Purchase,Moderate Customers
16099.0,76,2,592.1,296.05,No Future Purchase,Moderate Customers
16101.0,9,1,1290.7,1290.7,No Future Purchase,Moderate Customers
16102.0,37,2,1392.8400000000001,696.4200000000001,Future Purchase,Moderate Customers
16103.0,18,5,1413.14,282.62800000000004,Future Purchase,High-Value Active Customers
16104.0,0,1,298.21,298.21,No Future Purchase,At-Risk / Inactive Customers
16105.0,187,1,336.96,336.96,No Future Purchase,At-Risk / Inactive Customers
16106.0,4,1,108.38,108.38,No Future Purchase,At-Risk / Inactive Customers
16107.0,28,4,1810.72,452.68,Future Purchase,High-Value Active Customers
16108.0,23,1,842.5,842.5,No Future Purchase,At-Risk / Inactive Customers
16109.0,157,2,611.88,305.94,No Future Purchase,At-Risk / Inactive Customers
16110.0,201,2,678.18,339.09,No Future Purchase,Moderate Customers
16112.0,82,4,195.73999999999998,48.934999999999995,No Future Purchase,At-Risk / Inactive Customers
16113.0,122,1,161.38,161.38,No Future Purchase,At-Risk / Inactive Customers
16114.0,109,1,135.75000000000003,135.75000000000003,No Future Purchase,At-Risk / Inactive Customers
16115.0,11,6,1285.93,214.3216666666667,Future Purchase,High-Value Active Customers
16116.0,150,1,612.78,612.78,No Future Purchase,At-Risk / Inactive Customers
16117.0,128,1,232.21,232.21,No Future Purchase,At-Risk / Inactive Customers
16119.0,11,1,309.48,309.48,No Future Purchase,Recent Low-Value Customers
16121.0,154,1,285.94,285.94,No Future Purchase,Moderate Customers
16122.0,12,4,684.4200000000001,171.10500000000002,Future Purchase,Moderate Customers
16124.0,256,1,249.0,249.0,No Future Purchase,At-Risk / Inactive Customers
16125.0,306,1,289.35,289.35,No Future Purchase,At-Risk / Inactive Customers
16126.0,40,3,3706.7000000000003,1235.5666666666668,Future Purchase,Moderate Customers
16128.0,16,3,1412.06,470.68666666666667,Future Purchase,Moderate Customers
16131.0,54,4,2278.5,569.625,Future Purchase,Moderate Customers
16133.0,9,25,12078.27,483.1308,Future Purchase,High-Value Active Customers
16134.0,298,1,283.53000000000003,283.53000000000003,No Future Purchase,Recent Low-Value Customers
16135.0,201,1,517.55,517.55,No Future Purchase,At-Risk / Inactive Customers
16136.0,16,2,302.64,151.32,No Future Purchase,Moderate Customers
16139.0,51,2,306.37,153.185,No Future Purchase,Recent Low-Value Customers
16140.0,4,2,725.18,362.59,No Future Purchase,Moderate Customers
16141.0,27,1,620.4,620.4,No Future Purchase,At-Risk / Inactive Customers
16142.0,188,1,535.34,535.34,No Future Purchase,At-Risk / Inactive Customers
16143.0,47,5,1949.3600000000001,389.872,Future Purchase,High-Value Active Customers
16144.0,185,1,175.2,175.2,No Future Purchase,At-Risk / Inactive Customers
16145.0,12,9,2941.93,326.88111111111107,Future Purchase,High-Value Active Customers
16146.0,96,3,734.13,244.71,Future Purchase,Moderate Customers
16147.0,72,1,375.0,375.0,No Future Purchase,At-Risk / Inactive Customers
16148.0,235,1,76.32000000000001,76.32000000000001,No Future Purchase,At-Risk / Inactive Customers
16149.0,81,1,163.68,163.68,No Future Purchase,Recent Low-Value Customers
16150.0,27,4,1748.53,437.1325,Future Purchase,Moderate Customers
16152.0,207,1,1829.04,1829.04,No Future Purchase,At-Risk / Inactive Customers
16153.0,54,4,1023.54,255.885,Future Purchase,Moderate Customers
16156.0,24,6,2095.4500000000003,349.24166666666673,Future Purchase,High-Value Active Customers
16157.0,11,1,168.32,168.32,No Future Purchase,Recent Low-Value Customers
16159.0,220,1,348.2,348.2,No Future Purchase,At-Risk / Inactive Customers
16160.0,4,2,1025.44,512.72,No Future Purchase,Moderate Customers
16161.0,17,14,3874.59,276.75642857142856,Future Purchase,High-Value Active Customers
16162.0,191,1,37.4,37.4,No Future Purchase,At-Risk / Inactive Customers
16163.0,171,2,856.6,428.3,No Future Purchase,At-Risk / Inactive Customers
16168.0,13,19,2795.14,147.11263157894737,Future Purchase,High-Value Active Customers
16169.0,14,1,587.46,587.46,Future Purchase,Moderate Customers
16170.0,51,5,1560.6599999999999,312.13199999999995,Future Purchase,Moderate Customers
16172.0,34,5,1140.21,228.042,Future Purchase,Moderate Customers
16173.0,17,3,744.25,248.08333333333334,Future Purchase,Moderate Customers
16174.0,65,3,1009.5500000000001,336.5166666666667,Future Purchase,Moderate Customers
16175.0,33,4,1037.59,259.3975,Future Purchase,Moderate Customers
16178.0,77,1,197.9,197.9,No Future Purchase,At-Risk / Inactive Customers
16180.0,39,8,10254.18,1281.7725,Future Purchase,Moderate Customers
16181.0,12,1,305.54,305.54,No Future Purchase,At-Risk / Inactive Customers
16182.0,11,4,6617.65,1654.4125,Future Purchase,Moderate Customers
16183.0,6,1,338.71000000000004,338.71000000000004,No Future Purchase,At-Risk / Inactive Customers
16184.0,3,6,1158.79,193.13166666666666,Future Purchase,Moderate Customers
16185.0,171,1,335.0,335.0,No Future Purchase,Recent Low-Value Customers
16186.0,5,10,3362.7400000000002,336.274,Future Purchase,High-Value Active Customers
16187.0,14,13,6282.1900000000005,483.24538461538464,Future Purchase,High-Value Active Customers
16188.0,80,3,755.03,251.67666666666665,Future Purchase,Moderate Customers
16189.0,24,1,144.48,144.48,No Future Purchase,Recent Low-Value Customers
16191.0,201,8,2615.68,326.96,Future Purchase,High-Value Active Customers
16193.0,175,1,314.45,314.45,No Future Purchase,At-Risk / Inactive Customers
16198.0,14,1,400.68100000000004,400.68100000000004,No Future Purchase,At-Risk / Inactive Customers
16200.0,103,1,550.57,550.57,No Future Purchase,Recent Low-Value Customers
16201.0,48,1,303.8,303.8,No Future Purchase,High-Value Active Customers
16202.0,299,1,365.27,365.27,No Future Purchase,At-Risk / Inactive Customers
16203.0,86,3,378.3,126.10000000000001,No Future Purchase,Moderate Customers
16205.0,6,2,431.75,215.875,No Future Purchase,Moderate Customers
16206.0,63,3,409.86,136.62,No Future Purchase,Moderate Customers
16208.0,228,1,497.59,497.59,No Future Purchase,Moderate Customers
16209.0,27,5,2262.62,452.524,Future Purchase,Moderate Customers
16210.0,2,13,12135.62,933.5092307692308,Future Purchase,High-Value Active Customers
16211.0,27,1,547.02,547.02,No Future Purchase,At-Risk / Inactive Customers
16212.0,222,1,498.15000000000003,498.15000000000003,No Future Purchase,Recent Low-Value Customers
16213.0,17,1,159.0,159.0,No Future Purchase,At-Risk / Inactive Customers
16214.0,109,3,1062.75,354.25,Future Purchase,Moderate Customers
16215.0,19,1,242.35,242.35,No Future Purchase,At-Risk / Inactive Customers
16216.0,206,1,914.9300000000001,914.9300000000001,No Future Purchase,At-Risk / Inactive Customers
16217.0,174,2,304.25,152.125,No Future Purchase,At-Risk / Inactive Customers
16218.0,53,6,2635.48,439.24666666666667,Future Purchase,Moderate Customers
16221.0,214,2,315.37,157.685,No Future Purchase,Moderate Customers
16222.0,257,1,773.5500000000001,773.5500000000001,No Future Purchase,At-Risk / Inactive Customers
16224.0,80,3,865.88,288.62666666666667,Future Purchase,Moderate Customers
16225.0,88,4,953.64,238.41,Future Purchase,Moderate Customers
16226.0,142,3,255.12,85.04,No Future Purchase,At-Risk / Inactive Customers
16227.0,164,1,314.22,314.22,No Future Purchase,At-Risk / Inactive Customers
16229.0,26,2,1010.6,505.3,No Future Purchase,Moderate Customers
16230.0,128,2,542.03,271.015,No Future Purchase,At-Risk / Inactive Customers
16232.0,82,3,725.04,241.67999999999998,Future Purchase,Moderate Customers
16233.0,10,3,536.6800000000001,178.89333333333335,Future Purchase,Moderate Customers
16235.0,20,4,675.29,168.8225,Future Purchase,Moderate Customers
16236.0,17,1,432.2,432.2,No Future Purchase,At-Risk / Inactive Customers
16239.0,128,1,347.9,347.9,No Future Purchase,At-Risk / Inactive Customers
16240.0,16,1,1824.79,1824.79,No Future Purchase,Moderate Customers
16241.0,35,10,1778.43,177.84300000000002,Future Purchase,High-Value Active Customers
16242.0,5,4,1669.33,417.3325,Future Purchase,High-Value Active Customers
16244.0,150,2,1522.75,761.375,No Future Purchase,Moderate Customers
16245.0,60,2,769.7,384.85,No Future Purchase,Moderate Customers
16247.0,109,1,114.56,114.56,No Future Purchase,At-Risk / Inactive Customers
16248.0,0,1,152.94,152.94,No Future Purchase,At-Risk / Inactive Customers
16249.0,51,4,1440.77,360.1925,Future Purchase,Moderate Customers
16250.0,200,2,389.44,194.72,No Future Purchase,At-Risk / Inactive Customers
16253.0,5,2,3683.86,1841.93,No Future Purchase,Moderate Customers
16255.0,34,7,2182.79,311.82714285714286,Future Purchase,High-Value Active Customers
16256.0,205,1,752.4300000000001,752.4300000000001,No Future Purchase,At-Risk / Inactive Customers
16257.0,115,1,46.95,46.95,No Future Purchase,At-Risk / Inactive Customers
16258.0,66,4,3741.06,935.265,Future Purchase,Moderate Customers
16261.0,14,3,544.14,181.38,Future Purchase,Recent Low-Value Customers
16265.0,49,7,4062.02,580.2885714285715,Future Purchase,High-Value Active Customers
16266.0,12,7,861.89,123.12714285714286,Future Purchase,Moderate Customers
16268.0,10,2,667.65,333.825,No Future Purchase,Moderate Customers
16270.0,292,1,1141.24,1141.24,No Future Purchase,At-Risk / Inactive Customers
16271.0,65,3,868.4300000000001,289.4766666666667,Future Purchase,High-Value Active Customers
16272.0,55,1,411.7,411.7,No Future Purchase,At-Risk / Inactive Customers
16274.0,312,1,351.75,351.75,No Future Purchase,At-Risk / Inactive Customers
16275.0,135,1,559.87,559.87,No Future Purchase,At-Risk / Inactive Customers
16276.0,115,1,810.6000000000001,810.6000000000001,No Future Purchase,At-Risk / Inactive Customers
16278.0,39,1,566.38,566.38,No Future Purchase,At-Risk / Inactive Customers
16279.0,26,2,724.1800000000001,362.09000000000003,No Future Purchase,Moderate Customers
16281.0,11,1,2062.06,2062.06,No Future Purchase,Moderate Customers
16282.0,278,1,168.3,168.3,No Future Purchase,At-Risk / Inactive Customers
16283.0,7,4,1330.14,332.535,Future Purchase,High-Value Active Customers
16287.0,108,1,142.5,142.5,No Future Purchase,At-Risk / Inactive Customers
16292.0,60,1,302.25,302.25,No Future Purchase,At-Risk / Inactive Customers
16293.0,30,6,1454.3300000000002,242.38833333333335,Future Purchase,High-Value Active Customers
16295.0,3,1,355.9,355.9,No Future Purchase,Recent Low-Value Customers
16297.0,207,1,301.9,301.9,No Future Purchase,At-Risk / Inactive Customers
16298.0,125,1,114.3,114.3,No Future Purchase,Recent Low-Value Customers
16302.0,65,1,233.22,233.22,No Future Purchase,At-Risk / Inactive Customers
16303.0,54,2,4036.33,2018.165,No Future Purchase,Moderate Customers
16305.0,77,1,361.21999999999997,361.21999999999997,No Future Purchase,At-Risk / Inactive Customers
16306.0,152,6,632.27,105.37833333333333,No Future Purchase,Moderate Customers
16308.0,46,3,1600.0,533.3333333333334,Future Purchase,Moderate Customers
16309.0,45,2,706.57,353.285,No Future Purchase,At-Risk / Inactive Customers
16315.0,269,1,226.37,226.37,No Future Purchase,At-Risk / Inactive Customers
16316.0,3,8,2938.91,367.36375,Future Purchase,Moderate Customers
16317.0,58,3,1341.65,447.2166666666667,Future Purchase,Moderate Customers
16319.0,156,1,404.40000000000003,404.40000000000003,No Future Purchase,At-Risk / Inactive Customers
16320.0,111,2,1038.46,519.23,No Future Purchase,Moderate Customers
16321.0,11,5,373.65000000000003,74.73,No Future Purchase,Moderate Customers
16323.0,135,1,207.50000000000003,207.50000000000003,No Future Purchase,At-Risk / Inactive Customers
16324.0,67,3,408.59000000000003,136.1966666666667,No Future Purchase,At-Risk / Inactive Customers
16325.0,94,2,416.02000000000004,208.01000000000002,No Future Purchase,Moderate Customers
16326.0,0,10,2078.44,207.844,Future Purchase,High-Value Active Customers
16327.0,19,5,3172.39,634.478,Future Purchase,High-Value Active Customers
16330.0,51,2,48.96,24.48,Future Purchase,Recent Low-Value Customers
16332.0,0,5,1247.82,249.564,Future Purchase,Moderate Customers
16333.0,5,19,19352.600000000002,1018.5578947368422,Future Purchase,High-Value Active Customers
16338.0,96,1,214.79999999999998,214.79999999999998,No Future Purchase,At-Risk / Inactive Customers
16339.0,223,1,94.05,94.05,No Future Purchase,At-Risk / Inactive Customers
16340.0,46,1,534.31,534.31,No Future Purchase,At-Risk / Inactive Customers
16341.0,24,2,1531.89,765.945,Future Purchase,Moderate Customers
16342.0,14,4,322.41,80.6025,No Future Purchase,Moderate Customers
16344.0,97,1,101.10000000000001,101.10000000000001,No Future Purchase,At-Risk / Inactive Customers
16348.0,17,5,1013.6899999999999,202.738,Future Purchase,Moderate Customers
16349.0,229,1,53.5,53.5,No Future Purchase,At-Risk / Inactive Customers
16350.0,3,3,1001.87,333.95666666666665,Future Purchase,Moderate Customers
16351.0,271,1,153.9,153.9,No Future Purchase,At-Risk / Inactive Customers
16353.0,7,16,3968.01,248.000625,Future Purchase,High-Value Active Customers
16354.0,2,2,395.8,197.9,No Future Purchase,At-Risk / Inactive Customers
16356.0,136,3,211.77,70.59,No Future Purchase,At-Risk / Inactive Customers
16357.0,101,2,257.95,128.975,No Future Purchase,Moderate Customers
16358.0,2,3,1594.3400000000001,531.4466666666667,Future Purchase,High-Value Active Customers
16359.0,4,8,1640.19,205.02375,Future Purchase,High-Value Active Customers
16360.0,5,3,1448.02,482.67333333333335,Future Purchase,High-Value Active Customers
16361.0,10,1,334.94,334.94,No Future Purchase,Recent Low-Value Customers
16362.0,30,3,360.65,120.21666666666665,Future Purchase,Moderate Customers
16364.0,76,1,346.3,346.3,No Future Purchase,Recent Low-Value Customers
16365.0,62,7,862.56,123.22285714285714,Future Purchase,High-Value Active Customers
16367.0,301,1,167.09,167.09,Future Purchase,Moderate Customers
16369.0,19,2,843.44,421.72,No Future Purchase,Moderate Customers
16370.0,21,4,1301.91,325.4775,Future Purchase,Moderate Customers
16374.0,5,2,466.73,233.365,No Future Purchase,At-Risk / Inactive Customers
16377.0,206,1,676.2,676.2,No Future Purchase,At-Risk / Inactive Customers
16378.0,186,3,362.95,120.98333333333333,No Future Purchase,At-Risk / Inactive Customers
16379.0,17,1,478.88,478.88,No Future Purchase,High-Value Active Customers
16380.0,0,1,1743.1499999999999,1743.1499999999999,No Future Purchase,Moderate Customers
16383.0,13,2,643.76,321.88,No Future Purchase,Moderate Customers
16384.0,28,2,584.5,292.25,Future Purchase,At-Risk / Inactive Customers
16385.0,97,2,273.82,136.91,No Future Purchase,Moderate Customers
16386.0,192,1,61.10000000000001,61.10000000000001,No Future Purchase,Recent Low-Value Customers
16387.0,261,1,94.36,94.36,No Future Purchase,At-Risk / Inactive Customers
16389.0,17,3,1078.71,359.57,Future Purchase,Moderate Customers
16392.0,208,1,217.89,217.89,No Future Purchase,At-Risk / Inactive Customers
16393.0,33,9,1761.97,195.77444444444444,Future Purchase,High-Value Active Customers
16394.0,11,4,1241.86,310.465,Future Purchase,Moderate Customers
16395.0,17,4,1269.26,317.315,Future Purchase,Moderate Customers
16398.0,93,2,1705.8,852.9,No Future Purchase,Moderate Customers
16399.0,174,1,178.41,178.41,No Future Purchase,Recent Low-Value Customers
16400.0,33,1,303.93,303.93,No Future Purchase,At-Risk / Inactive Customers
16401.0,25,8,2773.66,346.7075,Future Purchase,High-Value Active Customers
16402.0,203,2,293.45,146.725,No Future Purchase,At-Risk / Inactive Customers
16403.0,251,1,177.5,177.5,No Future Purchase,At-Risk / Inactive Customers
16404.0,9,1,443.05,443.05,No Future Purchase,At-Risk / Inactive Customers
16405.0,241,2,167.25,83.625,No Future Purchase,At-Risk / Inactive Customers
16407.0,13,9,1747.51,194.1677777777778,Future Purchase,High-Value Active Customers
16409.0,26,4,1414.13,353.5325,Future Purchase,Moderate Customers
16411.0,308,1,128.55,128.55,No Future Purchase,Recent Low-Value Customers
16414.0,219,1,50.8,50.8,No Future Purchase,Recent Low-Value Customers
16418.0,31,2,368.36,184.18,No Future Purchase,Moderate Customers
16419.0,51,6,958.71,159.785,Future Purchase,Moderate Customers
16422.0,3,44,30997.74,704.4940909090909,Future Purchase,High-Value Active Customers
16424.0,130,1,133.56,133.56,No Future Purchase,At-Risk / Inactive Customers
16425.0,241,1,302.7,302.7,No Future Purchase,At-Risk / Inactive Customers
16426.0,31,4,689.83,172.4575,Future Purchase,High-Value Active Customers
16427.0,202,2,241.06,120.53,No Future Purchase,At-Risk / Inactive Customers
16429.0,45,1,284.55,284.55,No Future Purchase,At-Risk / Inactive Customers
16431.0,152,3,623.28,207.76,Future Purchase,At-Risk / Inactive Customers
16432.0,3,1,287.4,287.4,No Future Purchase,At-Risk / Inactive Customers
16434.0,35,4,898.84,224.71,Future Purchase,Moderate Customers
16438.0,21,1,204.4,204.4,No Future Purchase,Recent Low-Value Customers
16440.0,5,2,705.47,352.735,No Future Purchase,High-Value Active Customers
16441.0,6,2,381.2,190.6,No Future Purchase,At-Risk / Inactive Customers
16442.0,166,2,432.43,216.215,No Future Purchase,Recent Low-Value Customers
16444.0,34,3,541.4,180.46666666666667,Future Purchase,Moderate Customers
16446.0,144,1,2.9,2.9,No Future Purchase,High-Value Active Customers
16447.0,74,1,255.91,255.91,No Future Purchase,At-Risk / Inactive Customers
16448.0,137,1,182.99,182.99,No Future Purchase,At-Risk / Inactive Customers
16449.0,136,2,707.69,353.845,No Future Purchase,At-Risk / Inactive Customers
16450.0,88,1,311.92,311.92,No Future Purchase,At-Risk / Inactive Customers
16451.0,26,1,266.97,266.97,No Future Purchase,At-Risk / Inactive Customers
16454.0,3,1,5.9,5.9,Future Purchase,At-Risk / Inactive Customers
16455.0,2,7,1841.18,263.0257142857143,Future Purchase,Moderate Customers
16456.0,38,5,2158.18,431.63599999999997,Future Purchase,Moderate Customers
16457.0,157,1,208.36,208.36,No Future Purchase,At-Risk / Inactive Customers
16458.0,11,13,2485.06,191.15846153846152,Future Purchase,High-Value Active Customers
16460.0,11,2,508.61,254.305,No Future Purchase,Moderate Customers
16461.0,116,1,142.92,142.92,No Future Purchase,At-Risk / Inactive Customers
16462.0,12,3,136.0,45.333333333333336,No Future Purchase,At-Risk / Inactive Customers
16463.0,143,1,319.37,319.37,No Future Purchase,Moderate Customers
16464.0,19,2,983.33,491.665,Future Purchase,Moderate Customers
16466.0,42,5,999.63,199.926,Future Purchase,Moderate Customers
16468.0,13,1,74.9,74.9,No Future Purchase,At-Risk / Inactive Customers
16469.0,26,3,447.49,149.16333333333333,Future Purchase,Moderate Customers
16470.0,54,3,539.13,179.71,Future Purchase,Moderate Customers
16471.0,213,1,223.95000000000002,223.95000000000002,No Future Purchase,At-Risk / Inactive Customers
16473.0,103,3,316.11,105.37,No Future Purchase,At-Risk / Inactive Customers
16474.0,5,4,998.5400000000001,249.63500000000002,Future Purchase,High-Value Active Customers
16475.0,27,4,544.3,136.075,Future Purchase,Moderate Customers
16477.0,2,7,2494.46,356.3514285714286,Future Purchase,Moderate Customers
16478.0,3,2,235.9,117.95,Future Purchase,Recent Low-Value Customers
16480.0,14,1,769.29,769.29,No Future Purchase,At-Risk / Inactive Customers
16483.0,131,1,139.35,139.35,No Future Purchase,At-Risk / Inactive Customers
16484.0,112,2,404.3,202.15,No Future Purchase,At-Risk / Inactive Customers
16485.0,16,1,363.65,363.65,No Future Purchase,At-Risk / Inactive Customers
16488.0,53,2,354.57,177.285,No Future Purchase,Recent Low-Value Customers
16493.0,18,4,1351.63,337.9075,Future Purchase,Moderate Customers
16494.0,235,1,826.53,826.53,No Future Purchase,At-Risk / Inactive Customers
16495.0,215,2,246.51,123.255,No Future Purchase,Recent Low-Value Customers
16496.0,146,2,1185.04,592.52,Future Purchase,Recent Low-Value Customers
16497.0,142,5,1550.7,310.14,Future Purchase,Moderate Customers
16498.0,100,2,100.97,50.485,No Future Purchase,At-Risk / Inactive Customers
16499.0,299,2,365.45,182.725,No Future Purchase,At-Risk / Inactive Customers
16500.0,269,1,165.0,165.0,Future Purchase,Recent Low-Value Customers
16503.0,45,4,1431.93,357.9825,Future Purchase,Moderate Customers
16509.0,235,1,363.7,363.7,No Future Purchase,At-Risk / Inactive Customers
16510.0,311,1,248.1,248.1,No Future Purchase,At-Risk / Inactive Customers
16511.0,83,2,565.7,282.85,No Future Purchase,Moderate Customers
16515.0,30,4,1247.3600000000001,311.84000000000003,Future Purchase,Moderate Customers
16517.0,216,1,162.7,162.7,No Future Purchase,At-Risk / Inactive Customers
16518.0,0,2,484.32,242.16,No Future Purchase,At-Risk / Inactive Customers
16519.0,304,1,103.7,103.7,No Future Purchase,Recent Low-Value Customers
16520.0,125,3,1046.57,348.8566666666666,No Future Purchase,Moderate Customers
16523.0,18,15,6781.41,452.094,Future Purchase,High-Value Active Customers
16525.0,18,23,11501.15,500.05,Future Purchase,High-Value Active Customers
16526.0,110,1,290.36,290.36,No Future Purchase,At-Risk / Inactive Customers
16527.0,20,1,228.06,228.06,No Future Purchase,At-Risk / Inactive Customers
16529.0,129,1,455.25,455.25,No Future Purchase,At-Risk / Inactive Customers
16531.0,13,5,889.43,177.886,Future Purchase,Moderate Customers
16532.0,74,2,4516.8,2258.4,Future Purchase,Moderate Customers
16533.0,7,1,364.22,364.22,No Future Purchase,Moderate Customers
16536.0,49,1,548.12,548.12,No Future Purchase,At-Risk / Inactive Customers
16539.0,158,3,1053.61,351.2033333333333,Future Purchase,Recent Low-Value Customers
16545.0,103,1,339.3,339.3,No Future Purchase,At-Risk / Inactive Customers
16546.0,229,2,787.15,393.575,No Future Purchase,At-Risk / Inactive Customers
16549.0,28,3,1231.75,410.5833333333333,Future Purchase,High-Value Active Customers
16550.0,47,5,2298.97,459.794,Future Purchase,Moderate Customers
16551.0,34,3,922.12,307.37333333333333,Future Purchase,Moderate Customers
16552.0,181,2,379.73,189.865,No Future Purchase,At-Risk / Inactive Customers
16553.0,102,12,5719.82,476.65166666666664,Future Purchase,Moderate Customers
16554.0,161,2,314.11,157.055,No Future Purchase,Moderate Customers
16555.0,48,1,151.98,151.98,No Future Purchase,Recent Low-Value Customers
16556.0,5,7,3313.79,473.3985714285714,Future Purchase,Moderate Customers
16557.0,76,1,101.15,101.15,No Future Purchase,Recent Low-Value Customers
16558.0,2,16,5329.77,333.110625,Future Purchase,High-Value Active Customers
16560.0,297,1,332.18,332.18,No Future Purchase,Recent Low-Value Customers
16565.0,303,1,173.7,173.7,No Future Purchase,At-Risk / Inactive Customers
16566.0,109,3,463.88,154.62666666666667,No Future Purchase,Recent Low-Value Customers
16567.0,133,2,865.6,432.8,No Future Purchase,At-Risk / Inactive Customers
16570.0,66,6,2134.07,355.67833333333334,Future Purchase,High-Value Active Customers
16571.0,115,2,896.79,448.395,No Future Purchase,Moderate Customers
16572.0,66,3,1009.6,336.53333333333336,Future Purchase,Moderate Customers
16573.0,23,2,663.61,331.805,No Future Purchase,Moderate Customers
16574.0,10,1,451.44,451.44,No Future Purchase,At-Risk / Inactive Customers
16581.0,121,1,105.84,105.84,No Future Purchase,At-Risk / Inactive Customers
16582.0,52,1,313.62,313.62,No Future Purchase,At-Risk / Inactive Customers
16583.0,312,1,233.45,233.45,No Future Purchase,At-Risk / Inactive Customers
16584.0,19,2,936.08,468.04,No Future Purchase,Moderate Customers
16586.0,187,1,463.95,463.95,No Future Purchase,At-Risk / Inactive Customers
16587.0,171,1,225.15,225.15,No Future Purchase,At-Risk / Inactive Customers
16589.0,10,3,459.24,153.08,No Future Purchase,Moderate Customers
16591.0,7,1,213.5,213.5,No Future Purchase,At-Risk / Inactive Customers
16592.0,75,10,2214.33,221.433,Future Purchase,High-Value Active Customers
16593.0,128,2,255.5,127.75,No Future Purchase,Recent Low-Value Customers
16594.0,14,1,181.09,181.09,No Future Purchase,At-Risk / Inactive Customers
16595.0,0,1,360.16,360.16,No Future Purchase,At-Risk / Inactive Customers
16596.0,305,1,120.65,120.65,No Future Purchase,Recent Low-Value Customers
16598.0,224,1,145.04999999999998,145.04999999999998,No Future Purchase,At-Risk / Inactive Customers
16600.0,13,3,353.2,117.73333333333333,Future Purchase,Recent Low-Value Customers
16603.0,13,2,482.47,241.235,Future Purchase,At-Risk / Inactive Customers
16607.0,12,11,2581.94,234.72181818181818,Future Purchase,High-Value Active Customers
16609.0,26,6,4029.82,671.6366666666667,Future Purchase,High-Value Active Customers
16610.0,158,1,75.66,75.66,No Future Purchase,At-Risk / Inactive Customers
16611.0,125,1,129.49,129.49,No Future Purchase,At-Risk / Inactive Customers
16612.0,58,3,870.3000000000001,290.1,Future Purchase,Moderate Customers
16613.0,9,1,618.59,618.59,No Future Purchase,At-Risk / Inactive Customers
16614.0,121,1,506.19,506.19,No Future Purchase,At-Risk / Inactive Customers
16616.0,96,1,210.10000000000002,210.10000000000002,No Future Purchase,Recent Low-Value Customers
16617.0,174,1,151.85,151.85,No Future Purchase,At-Risk / Inactive Customers
16618.0,149,4,1441.29,360.3225,Future Purchase,Moderate Customers
16619.0,202,1,226.21,226.21,No Future Purchase,At-Risk / Inactive Customers
16620.0,199,1,95.75999999999999,95.75999999999999,No Future Purchase,Recent Low-Value Customers
16621.0,86,3,609.41,203.13666666666666,Future Purchase,Moderate Customers
16623.0,184,1,129.45,129.45,No Future Purchase,At-Risk / Inactive Customers
16624.0,19,2,810.5699999999999,405.28499999999997,No Future Purchase,Moderate Customers
16625.0,213,1,333.08,333.08,No Future Purchase,At-Risk / Inactive Customers
16626.0,7,10,2852.64,285.264,Future Purchase,High-Value Active Customers
16627.0,18,1,322.8,322.8,No Future Purchase,At-Risk / Inactive Customers
16628.0,45,4,1619.8400000000001,404.96000000000004,Future Purchase,Moderate Customers
16629.0,12,2,408.63,204.315,No Future Purchase,At-Risk / Inactive Customers
16633.0,17,4,1509.0,377.25,Future Purchase,High-Value Active Customers
16634.0,161,2,217.9,108.95,No Future Purchase,At-Risk / Inactive Customers
16637.0,62,2,530.55,265.275,No Future Purchase,Moderate Customers
16638.0,38,9,1550.94,172.32666666666668,Future Purchase,High-Value Active Customers
16639.0,145,2,471.15000000000003,235.57500000000002,No Future Purchase,Moderate Customers
16641.0,44,1,231.10000000000002,231.10000000000002,No Future Purchase,At-Risk / Inactive Customers
16642.0,146,1,307.73,307.73,No Future Purchase,Recent Low-Value Customers
16643.0,184,1,487.51,487.51,No Future Purchase,At-Risk / Inactive Customers
16644.0,116,2,833.78,416.89,No Future Purchase,At-Risk / Inactive Customers
16647.0,108,2,214.06,107.03,No Future Purchase,At-Risk / Inactive Customers
16650.0,10,1,518.42,518.42,No Future Purchase,At-Risk / Inactive Customers
16652.0,48,5,4525.87,905.174,Future Purchase,Moderate Customers
16653.0,10,1,1117.86,1117.86,No Future Purchase,Recent Low-Value Customers
16654.0,80,4,601.27,150.3175,No Future Purchase,Moderate Customers
16655.0,14,4,2906.2,726.55,Future Purchase,High-Value Active Customers
16656.0,18,12,7470.26,622.5216666666666,Future Purchase,High-Value Active Customers
16657.0,87,2,414.79,207.395,No Future Purchase,Recent Low-Value Customers
16658.0,307,1,123.24,123.24,No Future Purchase,At-Risk / Inactive Customers
16659.0,128,1,39.12,39.12,No Future Purchase,At-Risk / Inactive Customers
16660.0,149,2,384.36,192.18,No Future Purchase,Moderate Customers
16665.0,301,1,135.39999999999998,135.39999999999998,No Future Purchase,At-Risk / Inactive Customers
16667.0,7,2,567.1800000000001,283.59000000000003,No Future Purchase,At-Risk / Inactive Customers
16668.0,55,5,266.52,53.303999999999995,No Future Purchase,Recent Low-Value Customers
16669.0,17,2,725.34,362.67,No Future Purchase,Moderate Customers
16670.0,45,8,3239.9700000000003,404.99625000000003,Future Purchase,High-Value Active Customers
16671.0,103,1,1382.88,1382.88,No Future Purchase,Moderate Customers
16672.0,11,18,7327.34,407.07444444444445,Future Purchase,High-Value Active Customers
16674.0,37,1,115.1,115.1,No Future Purchase,At-Risk / Inactive Customers
16676.0,152,3,1098.5,366.1666666666667,Future Purchase,Moderate Customers
16678.0,37,8,2137.3,267.1625,Future Purchase,High-Value Active Customers
16679.0,305,1,129.75,129.75,No Future Purchase,At-Risk / Inactive Customers
16681.0,11,6,1770.34,295.0566666666667,Future Purchase,Moderate Customers
16682.0,31,3,810.22,270.0733333333333,Future Purchase,Recent Low-Value Customers
16684.0,4,21,51930.92,2472.9009523809523,Future Purchase,High-Value Active Customers
16685.0,0,2,324.24,162.12,No Future Purchase,At-Risk / Inactive Customers
16686.0,37,6,2399.94,399.99,Future Purchase,Moderate Customers
16689.0,14,2,422.59999999999997,211.29999999999998,Future Purchase,At-Risk / Inactive Customers
16690.0,11,2,225.57999999999998,112.78999999999999,No Future Purchase,At-Risk / Inactive Customers
16692.0,195,2,1276.0,638.0,No Future Purchase,Moderate Customers
16693.0,7,2,477.86,238.93,No Future Purchase,At-Risk / Inactive Customers
16696.0,74,4,657.9000000000001,164.47500000000002,Future Purchase,Moderate Customers
16697.0,180,1,112.75,112.75,No Future Purchase,At-Risk / Inactive Customers
16698.0,165,2,1998.0,999.0,No Future Purchase,Moderate Customers
16700.0,19,11,4423.62,402.1472727272727,Future Purchase,High-Value Active Customers
16701.0,68,10,4050.42,405.04200000000003,Future Purchase,High-Value Active Customers
16705.0,13,12,10160.77,846.7308333333334,Future Purchase,High-Value Active Customers
16706.0,37,2,411.55,205.775,No Future Purchase,Recent Low-Value Customers
16709.0,23,5,3029.87,605.9739999999999,Future Purchase,Moderate Customers
16710.0,13,8,2084.78,260.5975,Future Purchase,High-Value Active Customers
16711.0,79,3,909.87,303.29,Future Purchase,High-Value Active Customers
16712.0,34,8,2489.81,311.22625,Future Purchase,High-Value Active Customers
16713.0,5,13,5290.76,406.9815384615385,Future Purchase,High-Value Active Customers
16714.0,157,3,1129.06,376.3533333333333,Future Purchase,Moderate Customers
16715.0,17,1,301.71999999999997,301.71999999999997,No Future Purchase,At-Risk / Inactive Customers
16716.0,205,2,901.2,450.6,No Future Purchase,At-Risk / Inactive Customers
16717.0,34,4,1559.66,389.915,Future Purchase,High-Value Active Customers
16718.0,308,1,606.0500000000001,606.0500000000001,No Future Purchase,At-Risk / Inactive Customers
16719.0,13,6,1483.75,247.29166666666666,Future Purchase,High-Value Active Customers
16721.0,201,1,292.47,292.47,No Future Purchase,At-Risk / Inactive Customers
16722.0,4,11,3971.08,361.0072727272727,Future Purchase,High-Value Active Customers
16723.0,30,2,576.4,288.2,No Future Purchase,At-Risk / Inactive Customers
16725.0,241,7,758.27,108.32428571428571,No Future Purchase,Moderate Customers
16726.0,135,4,777.16,194.29,Future Purchase,Moderate Customers
16727.0,303,1,256.32,256.32,No Future Purchase,At-Risk / Inactive Customers
16728.0,105,3,548.31,182.76999999999998,Future Purchase,Moderate Customers
16729.0,9,19,6152.05,323.7921052631579,Future Purchase,High-Value Active Customers
16730.0,173,2,480.94,240.47,No Future Purchase,Moderate Customers
16734.0,53,2,302.40999999999997,151.20499999999998,No Future Purchase,Moderate Customers
16735.0,17,5,2247.41,449.48199999999997,Future Purchase,Moderate Customers
16738.0,236,1,3.75,3.75,No Future Purchase,At-Risk / Inactive Customers
16739.0,115,1,323.0,323.0,No Future Purchase,At-Risk / Inactive Customers
16743.0,52,6,1860.9,310.15000000000003,Future Purchase,Moderate Customers
16744.0,14,4,620.18,155.045,Future Purchase,High-Value Active Customers
16745.0,25,17,7180.7,422.3941176470588,Future Purchase,High-Value Active Customers
16746.0,14,14,5304.3,378.87857142857143,Future Purchase,High-Value Active Customers
16747.0,6,1,480.2,480.2,No Future Purchase,Moderate Customers
16748.0,156,3,910.2,303.40000000000003,Future Purchase,Moderate Customers
16750.0,12,4,509.19,127.2975,No Future Purchase,Moderate Customers
16752.0,311,1,207.5,207.5,No Future Purchase,At-Risk / Inactive Customers
16754.0,311,1,2002.4,2002.4,No Future Purchase,At-Risk / Inactive Customers
16755.0,53,3,1475.43,491.81,Future Purchase,Moderate Customers
16756.0,153,1,239.4,239.4,No Future Purchase,At-Risk / Inactive Customers
16757.0,257,1,106.83000000000001,106.83000000000001,No Future Purchase,At-Risk / Inactive Customers
16758.0,4,1,369.34000000000003,369.34000000000003,No Future Purchase,At-Risk / Inactive Customers
16761.0,35,1,316.62,316.62,No Future Purchase,At-Risk / Inactive Customers
16762.0,83,1,314.15000000000003,314.15000000000003,No Future Purchase,Moderate Customers
16763.0,137,1,611.85,611.85,No Future Purchase,At-Risk / Inactive Customers
16764.0,2,7,1321.93,188.84714285714287,Future Purchase,High-Value Active Customers
16765.0,233,1,34.0,34.0,No Future Purchase,At-Risk / Inactive Customers
16766.0,212,2,1145.6,572.8,No Future Purchase,At-Risk / Inactive Customers
16767.0,32,7,4820.46,688.6371428571429,Future Purchase,High-Value Active Customers
16768.0,42,2,286.49,143.245,No Future Purchase,Moderate Customers
16769.0,199,1,361.54,361.54,No Future Purchase,At-Risk / Inactive Customers
16770.0,175,4,649.38,162.345,Future Purchase,Moderate Customers
16771.0,14,4,2098.31,524.5775,Future Purchase,Moderate Customers
16774.0,6,4,661.52,165.38,Future Purchase,Moderate Customers
16775.0,11,9,1358.08,150.89777777777778,Future Purchase,High-Value Active Customers
16777.0,19,2,222.62,111.31,No Future Purchase,At-Risk / Inactive Customers
16778.0,13,2,245.94,122.97,No Future Purchase,At-Risk / Inactive Customers
16779.0,10,16,7268.280000000001,454.26750000000004,Future Purchase,High-Value Active Customers
16780.0,39,2,422.24,211.12,No Future Purchase,At-Risk / Inactive Customers
16781.0,311,1,311.25,311.25,No Future Purchase,At-Risk / Inactive Customers
16782.0,16,10,1792.3500000000001,179.235,Future Purchase,High-Value Active Customers
16788.0,62,2,594.39,297.195,No Future Purchase,At-Risk / Inactive Customers
16791.0,61,5,791.87,158.374,Future Purchase,Moderate Customers
16792.0,221,2,110.38000000000001,55.190000000000005,No Future Purchase,At-Risk / Inactive Customers
16794.0,28,5,696.5699999999999,139.314,Future Purchase,High-Value Active Customers
16795.0,304,1,414.88,414.88,No Future Purchase,At-Risk / Inactive Customers
16796.0,28,1,305.62,305.62,No Future Purchase,At-Risk / Inactive Customers
16801.0,102,4,1594.23,398.5575,Future Purchase,Moderate Customers
16803.0,4,1,332.3,332.3,No Future Purchase,At-Risk / Inactive Customers
16804.0,209,1,118.05,118.05,No Future Purchase,Recent Low-Value Customers
16805.0,112,2,460.59,230.295,No Future Purchase,At-Risk / Inactive Customers
16806.0,42,4,762.16,190.54,Future Purchase,Moderate Customers
16807.0,81,3,1121.59,373.8633333333333,Future Purchase,Moderate Customers
16808.0,38,2,288.42,144.21,No Future Purchase,At-Risk / Inactive Customers
16809.0,0,4,620.37,155.0925,Future Purchase,Moderate Customers
16810.0,131,1,309.54,309.54,No Future Purchase,At-Risk / Inactive Customers
16812.0,299,1,479.35,479.35,No Future Purchase,At-Risk / Inactive Customers
16813.0,17,8,1259.09,157.38625,Future Purchase,High-Value Active Customers
16814.0,3,18,5804.31,322.4616666666667,Future Purchase,High-Value Active Customers
16816.0,42,4,417.06,104.265,No Future Purchase,Moderate Customers
16817.0,124,7,1179.43,168.49,No Future Purchase,High-Value Active Customers
16818.0,10,10,3221.81,322.181,Future Purchase,High-Value Active Customers
16820.0,34,1,497.61,497.61,No Future Purchase,At-Risk / Inactive Customers
16823.0,166,1,358.38,358.38,No Future Purchase,At-Risk / Inactive Customers
16824.0,103,1,222.9,222.9,No Future Purchase,Recent Low-Value Customers
16825.0,124,1,318.7,318.7,No Future Purchase,Moderate Customers
16828.0,32,2,128.5,64.25,No Future Purchase,At-Risk / Inactive Customers
16829.0,95,1,197.22,197.22,No Future Purchase,At-Risk / Inactive Customers
16832.0,123,3,199.15,66.38333333333334,No Future Purchase,At-Risk / Inactive Customers
16833.0,198,3,671.29,223.76333333333332,Future Purchase,Recent Low-Value Customers
16834.0,166,1,413.46,413.46,No Future Purchase,At-Risk / Inactive Customers
16835.0,67,2,180.85,90.425,No Future Purchase,At-Risk / Inactive Customers
16836.0,55,1,91.32000000000001,91.32000000000001,Future Purchase,Recent Low-Value Customers
16837.0,96,9,1911.74,212.41555555555556,Future Purchase,High-Value Active Customers
16838.0,136,2,588.85,294.425,No Future Purchase,At-Risk / Inactive Customers
16839.0,2,26,12980.66,499.25615384615384,Future Purchase,High-Value Active Customers
16841.0,76,5,1561.06,312.212,Future Purchase,Moderate Customers
16842.0,39,3,1264.19,421.3966666666667,No Future Purchase,Moderate Customers
16843.0,4,15,9818.92,654.5946666666666,Future Purchase,High-Value Active Customers
16849.0,125,1,124.57,124.57,No Future Purchase,At-Risk / Inactive Customers
16850.0,272,1,332.41,332.41,No Future Purchase,At-Risk / Inactive Customers
16852.0,115,1,113.06,113.06,Future Purchase,Recent Low-Value Customers
16858.0,307,1,375.69000000000005,375.69000000000005,No Future Purchase,At-Risk / Inactive Customers
16859.0,83,2,747.81,373.905,No Future Purchase,At-Risk / Inactive Customers
16861.0,97,1,70.80000000000001,70.80000000000001,No Future Purchase,At-Risk / Inactive Customers
16863.0,305,1,164.25,164.25,Future Purchase,Recent Low-Value Customers
16866.0,79,3,207.73999999999998,69.24666666666666,No Future Purchase,At-Risk / Inactive Customers
16869.0,104,2,387.68,193.84,No Future Purchase,Moderate Customers
16871.0,28,5,2367.26,473.45200000000006,Future Purchase,Moderate Customers
16872.0,16,3,680.02,226.67333333333332,Future Purchase,Moderate Customers
16873.0,0,5,5268.79,1053.758,Future Purchase,High-Value Active Customers
16875.0,6,5,2095.53,419.10600000000005,Future Purchase,Moderate Customers
16877.0,91,2,188.98,94.49,No Future Purchase,Moderate Customers
16878.0,23,1,13.3,13.3,No Future Purchase,At-Risk / Inactive Customers
16880.0,38,6,1093.12,182.18666666666664,Future Purchase,Moderate Customers
16881.0,5,1,432.0,432.0,No Future Purchase,At-Risk / Inactive Customers
16882.0,5,3,705.12,235.04,Future Purchase,Moderate Customers
16883.0,126,2,272.48,136.24,No Future Purchase,At-Risk / Inactive Customers
16885.0,296,1,177.95,177.95,No Future Purchase,Recent Low-Value Customers
16889.0,133,3,1578.67,526.2233333333334,No Future Purchase,Moderate Customers
16891.0,34,3,515.79,171.92999999999998,Future Purchase,Recent Low-Value Customers
16892.0,122,1,102.97999999999999,102.97999999999999,No Future Purchase,Recent Low-Value Customers
16893.0,305,1,145.93,145.93,No Future Purchase,At-Risk / Inactive Customers
16895.0,3,1,202.27,202.27,No Future Purchase,At-Risk / Inactive Customers
16897.0,238,2,289.78,144.89,No Future Purchase,At-Risk / Inactive Customers
16898.0,116,2,313.77,156.885,No Future Purchase,Recent Low-Value Customers
16899.0,28,4,587.73,146.9325,Future Purchase,High-Value Active Customers
16900.0,2,1,752.6800000000001,752.6800000000001,No Future Purchase,Recent Low-Value Customers
16902.0,55,1,1706.88,1706.88,No Future Purchase,Moderate Customers
16904.0,33,14,2948.55,210.6107142857143,Future Purchase,High-Value Active Customers
16905.0,175,3,822.18,274.06,Future Purchase,High-Value Active Customers
16906.0,20,4,559.59,139.8975,Future Purchase,Moderate Customers
16907.0,87,4,658.99,164.7475,Future Purchase,Moderate Customers
16909.0,11,1,379.14,379.14,No Future Purchase,At-Risk / Inactive Customers
16910.0,2,5,890.9,178.18,Future Purchase,High-Value Active Customers
16912.0,6,10,2399.15,239.91500000000002,Future Purchase,High-Value Active Customers
16913.0,229,1,113.44,113.44,No Future Purchase,At-Risk / Inactive Customers
16915.0,66,4,382.39000000000004,95.59750000000001,No Future Purchase,Recent Low-Value Customers
16916.0,311,1,196.43,196.43,No Future Purchase,Recent Low-Value Customers
16917.0,215,1,391.52,391.52,No Future Purchase,At-Risk / Inactive Customers
16918.0,2,5,1031.02,206.204,Future Purchase,Moderate Customers
16919.0,95,11,2592.25,235.6590909090909,Future Purchase,Moderate Customers
16921.0,0,1,154.18,154.18,No Future Purchase,At-Risk / Inactive Customers
16923.0,7,15,5413.55,360.90333333333336,Future Purchase,High-Value Active Customers
16924.0,3,2,523.65,261.825,No Future Purchase,Recent Low-Value Customers
16926.0,310,1,230.25,230.25,No Future Purchase,At-Risk / Inactive Customers
16927.0,54,3,543.05,181.01666666666665,Future Purchase,Moderate Customers
16928.0,19,17,2814.7,165.5705882352941,Future Purchase,High-Value Active Customers
16929.0,10,3,539.72,179.90666666666667,Future Purchase,High-Value Active Customers
16930.0,7,2,205.45000000000002,102.72500000000001,No Future Purchase,Recent Low-Value Customers
16931.0,0,17,3350.57,197.09235294117647,Future Purchase,High-Value Active Customers
16933.0,178,1,224.73,224.73,No Future Purchase,Recent Low-Value Customers
16938.0,118,3,2386.05,795.35,Future Purchase,High-Value Active Customers
16940.0,108,2,1868.36,934.18,No Future Purchase,Moderate Customers
16942.0,75,7,1439.44,205.6342857142857,Future Purchase,High-Value Active Customers
16943.0,150,3,816.73,272.24333333333334,Future Purchase,Moderate Customers
16945.0,24,14,3292.54,235.18142857142857,Future Purchase,High-Value Active Customers
16947.0,174,1,406.48,406.48,No Future Purchase,At-Risk / Inactive Customers
16948.0,77,3,435.02,145.00666666666666,No Future Purchase,At-Risk / Inactive Customers
16949.0,124,4,893.75,223.4375,Future Purchase,High-Value Active Customers
16950.0,63,2,778.41,389.205,No Future Purchase,Moderate Customers
16951.0,73,3,1277.75,425.9166666666667,No Future Purchase,Moderate Customers
16952.0,48,2,167.61,83.805,No Future Purchase,At-Risk / Inactive Customers
16954.0,63,4,1245.3799999999999,311.34499999999997,Future Purchase,High-Value Active Customers
16955.0,123,4,518.67,129.6675,No Future Purchase,Moderate Customers
16957.0,178,2,416.64,208.32,No Future Purchase,At-Risk / Inactive Customers
16959.0,26,1,117.35000000000001,117.35000000000001,No Future Purchase,At-Risk / Inactive Customers
16960.0,191,1,201.53,201.53,No Future Purchase,Recent Low-Value Customers
16961.0,55,1,234.17,234.17,No Future Purchase,At-Risk / Inactive Customers
16963.0,126,1,110.55000000000001,110.55000000000001,No Future Purchase,At-Risk / Inactive Customers
16965.0,165,1,201.19,201.19,No Future Purchase,At-Risk / Inactive Customers
16966.0,109,4,1486.56,371.64,Future Purchase,High-Value Active Customers
16967.0,128,1,319.02,319.02,No Future Purchase,At-Risk / Inactive Customers
16968.0,46,1,253.31,253.31,No Future Purchase,Recent Low-Value Customers
16969.0,73,2,478.96000000000004,239.48000000000002,No Future Purchase,Moderate Customers
16976.0,206,1,251.51999999999998,251.51999999999998,No Future Purchase,At-Risk / Inactive Customers
16978.0,16,1,344.33,344.33,No Future Purchase,At-Risk / Inactive Customers
16979.0,86,2,555.65,277.825,No Future Purchase,High-Value Active Customers
16980.0,194,2,1028.46,514.23,No Future Purchase,At-Risk / Inactive Customers
16983.0,35,5,1185.35,237.07,Future Purchase,High-Value Active Customers
16984.0,27,2,4459.52,2229.76,No Future Purchase,Moderate Customers
16985.0,27,8,4080.44,510.055,Future Purchase,High-Value Active Customers
16987.0,109,3,629.45,209.8166666666667,Future Purchase,High-Value Active Customers
16989.0,2,4,1027.65,256.9125,Future Purchase,High-Value Active Customers
16990.0,157,1,179.0,179.0,No Future Purchase,At-Risk / Inactive Customers
16992.0,37,3,972.35,324.1166666666667,Future Purchase,Moderate Customers
16996.0,60,5,1041.78,208.356,Future Purchase,Moderate Customers
16997.0,227,3,702.0,234.0,No Future Purchase,At-Risk / Inactive Customers
16998.0,88,4,295.0,73.75,No Future Purchase,At-Risk / Inactive Customers
16999.0,13,1,245.83,245.83,No Future Purchase,Recent Low-Value Customers
17001.0,30,8,2793.49,349.18625,Future Purchase,High-Value Active Customers
17002.0,24,3,1493.73,497.91,Future Purchase,Moderate Customers
17004.0,31,1,905.6,905.6,No Future Purchase,Moderate Customers
17006.0,14,1,280.76,280.76,No Future Purchase,Recent Low-Value Customers
17007.0,94,5,575.44,115.08800000000001,Future Purchase,Moderate Customers
17014.0,5,1,188.05,188.05,No Future Purchase,Recent Low-Value Customers
17015.0,10,2,1566.03,783.015,No Future Purchase,Moderate Customers
17017.0,11,15,6246.32,416.42133333333334,Future Purchase,High-Value Active Customers
17018.0,264,1,405.0,405.0,No Future Purchase,Moderate Customers
17019.0,200,3,995.93,331.97666666666663,Future Purchase,Recent Low-Value Customers
17024.0,38,2,56.25,28.125,Future Purchase,At-Risk / Inactive Customers
17025.0,312,2,160.97,80.485,No Future Purchase,Moderate Customers
17026.0,124,2,154.82999999999998,77.41499999999999,No Future Purchase,At-Risk / Inactive Customers
17027.0,17,6,877.5600000000001,146.26000000000002,Future Purchase,Moderate Customers
17029.0,49,2,716.0,358.0,No Future Purchase,At-Risk / Inactive Customers
17030.0,2,1,146.87,146.87,No Future Purchase,At-Risk / Inactive Customers
17031.0,93,1,225.95,225.95,No Future Purchase,Recent Low-Value Customers
17033.0,25,3,1030.14,343.38000000000005,Future Purchase,Moderate Customers
17034.0,18,2,364.88,182.44,Future Purchase,Recent Low-Value Customers
17035.0,184,2,433.53000000000003,216.76500000000001,No Future Purchase,At-Risk / Inactive Customers
17037.0,26,1,1267.32,1267.32,No Future Purchase,Moderate Customers
17040.0,76,1,449.73,449.73,No Future Purchase,At-Risk / Inactive Customers
17041.0,47,2,750.89,375.445,No Future Purchase,Moderate Customers
17042.0,60,4,915.02,228.755,Future Purchase,Recent Low-Value Customers
17043.0,117,2,324.96999999999997,162.48499999999999,No Future Purchase,Moderate Customers
17045.0,52,3,339.44,113.14666666666666,No Future Purchase,At-Risk / Inactive Customers
17046.0,96,1,642.02,642.02,No Future Purchase,At-Risk / Inactive Customers
17047.0,24,3,1100.9,366.9666666666667,Future Purchase,Moderate Customers
17048.0,56,3,925.35,308.45,No Future Purchase,Moderate Customers
17049.0,23,6,3241.84,540.3066666666667,Future Purchase,High-Value Active Customers
17050.0,35,6,3185.64,530.9399999999999,Future Purchase,Moderate Customers
17051.0,133,1,240.89000000000001,240.89000000000001,No Future Purchase,At-Risk / Inactive Customers
17053.0,69,1,498.48,498.48,No Future Purchase,At-Risk / Inactive Customers
17054.0,76,4,1207.32,301.83,Future Purchase,Moderate Customers
17058.0,20,3,1179.89,393.2966666666667,Future Purchase,Moderate Customers
17059.0,49,4,2237.1,559.275,Future Purchase,Moderate Customers
17060.0,205,1,234.24,234.24,No Future Purchase,At-Risk / Inactive Customers
17061.0,12,11,5232.2300000000005,475.65727272727275,Future Purchase,High-Value Active Customers
17062.0,252,4,533.33,133.3325,No Future Purchase,At-Risk / Inactive Customers
17063.0,102,4,671.87,167.9675,Future Purchase,Moderate Customers
17064.0,121,2,457.40000000000003,228.70000000000002,No Future Purchase,Moderate Customers
17068.0,3,18,3935.04,218.61333333333334,Future Purchase,High-Value Active Customers
17069.0,16,7,2058.91,294.13,Future Purchase,High-Value Active Customers
17070.0,53,1,304.24,304.24,No Future Purchase,At-Risk / Inactive Customers
17071.0,27,7,1694.22,242.03142857142856,Future Purchase,High-Value Active Customers
17073.0,21,2,841.1899999999999,420.59499999999997,No Future Purchase,Moderate Customers
17075.0,192,3,696.07,232.02333333333334,Future Purchase,Moderate Customers
17076.0,212,2,334.2,167.1,No Future Purchase,Moderate Customers
17079.0,17,1,118.80000000000001,118.80000000000001,No Future Purchase,At-Risk / Inactive Customers
17080.0,208,1,76.32000000000001,76.32000000000001,No Future Purchase,Recent Low-Value Customers
17082.0,257,1,636.94,636.94,No Future Purchase,Moderate Customers
17083.0,48,3,1405.78,468.5933333333333,Future Purchase,Moderate Customers
17085.0,62,5,1562.4,312.48,Future Purchase,Moderate Customers
17086.0,2,1,412.47,412.47,No Future Purchase,High-Value Active Customers
17088.0,11,3,1751.73,583.91,Future Purchase,Moderate Customers
17090.0,27,5,1448.21,289.642,Future Purchase,High-Value Active Customers
17091.0,37,7,2692.0,384.57142857142856,Future Purchase,High-Value Active Customers
17092.0,26,3,985.9200000000001,328.64000000000004,Future Purchase,Moderate Customers
17094.0,261,1,302.0,302.0,No Future Purchase,At-Risk / Inactive Customers
17095.0,238,2,543.96,271.98,No Future Purchase,Moderate Customers
17096.0,82,2,443.94,221.97,Future Purchase,Moderate Customers
17097.0,39,6,639.53,106.58833333333332,Future Purchase,High-Value Active Customers
17101.0,117,1,230.57999999999998,230.57999999999998,No Future Purchase,Moderate Customers
17102.0,200,1,25.5,25.5,No Future Purchase,At-Risk / Inactive Customers
17105.0,98,2,665.78,332.89,No Future Purchase,At-Risk / Inactive Customers
17107.0,14,4,8498.82,2124.705,Future Purchase,High-Value Active Customers
17109.0,171,2,464.59000000000003,232.29500000000002,No Future Purchase,Moderate Customers
17110.0,104,1,163.29999999999998,163.29999999999998,No Future Purchase,At-Risk / Inactive Customers
17114.0,77,6,601.9399999999999,100.32333333333332,Future Purchase,High-Value Active Customers
17115.0,121,2,612.82,306.41,No Future Purchase,Recent Low-Value Customers
17117.0,227,1,116.19999999999999,116.19999999999999,No Future Purchase,At-Risk / Inactive Customers
17118.0,256,1,157.02,157.02,No Future Purchase,At-Risk / Inactive Customers
17120.0,172,1,307.46,307.46,No Future Purchase,At-Risk / Inactive Customers
17122.0,58,1,138.32,138.32,No Future Purchase,At-Risk / Inactive Customers
17123.0,100,1,345.29999999999995,345.29999999999995,No Future Purchase,At-Risk / Inactive Customers
17124.0,124,1,294.24,294.24,No Future Purchase,At-Risk / Inactive Customers
17126.0,91,5,989.45,197.89000000000001,Future Purchase,Moderate Customers
17128.0,273,1,157.09,157.09,No Future Purchase,At-Risk / Inactive Customers
17131.0,14,1,789.77,789.77,No Future Purchase,High-Value Active Customers
17133.0,26,4,4137.6900000000005,1034.4225000000001,Future Purchase,High-Value Active Customers
17134.0,45,2,413.2,206.6,No Future Purchase,At-Risk / Inactive Customers
17135.0,228,2,500.55,250.275,No Future Purchase,Moderate Customers
17138.0,214,1,380.5,380.5,No Future Purchase,At-Risk / Inactive Customers
17139.0,3,10,9542.65,954.265,Future Purchase,High-Value Active Customers
17140.0,186,1,454.12,454.12,No Future Purchase,At-Risk / Inactive Customers
17142.0,178,1,579.0,579.0,No Future Purchase,At-Risk / Inactive Customers
17144.0,23,1,595.89,595.89,No Future Purchase,Recent Low-Value Customers
17146.0,44,3,749.78,249.92666666666665,Future Purchase,Moderate Customers
17147.0,19,3,1349.3,449.76666666666665,Future Purchase,Moderate Customers
17152.0,133,3,1689.5,563.1666666666666,No Future Purchase,Moderate Customers
17154.0,14,1,329.34,329.34,No Future Purchase,At-Risk / Inactive Customers
17155.0,116,1,143.3,143.3,No Future Purchase,Recent Low-Value Customers
17157.0,115,1,161.46,161.46,No Future Purchase,Recent Low-Value Customers
17158.0,171,2,698.55,349.275,No Future Purchase,Moderate Customers
17159.0,14,2,926.67,463.335,No Future Purchase,Moderate Customers
17160.0,48,5,3001.18,600.236,Future Purchase,Moderate Customers
17162.0,70,9,1463.66,162.6288888888889,Future Purchase,High-Value Active Customers
17163.0,17,1,123.10000000000001,123.10000000000001,No Future Purchase,Recent Low-Value Customers
17164.0,18,4,2016.26,504.065,Future Purchase,Moderate Customers
17165.0,223,1,158.68,158.68,No Future Purchase,At-Risk / Inactive Customers
17166.0,142,1,127.59,127.59,No Future Purchase,Recent Low-Value Customers
17169.0,122,1,308.68,308.68,Future Purchase,Moderate Customers
17171.0,228,1,224.91,224.91,No Future Purchase,At-Risk / Inactive Customers
17172.0,17,1,317.76,317.76,No Future Purchase,At-Risk / Inactive Customers
17173.0,55,2,961.26,480.63,No Future Purchase,High-Value Active Customers
17174.0,156,1,59.9,59.9,No Future Purchase,At-Risk / Inactive Customers
17175.0,80,3,1132.6299999999999,377.5433333333333,Future Purchase,Moderate Customers
17176.0,140,1,306.13,306.13,No Future Purchase,At-Risk / Inactive Customers
17179.0,117,3,711.79,237.26333333333332,No Future Purchase,Moderate Customers
17180.0,180,3,552.8,184.26666666666665,Future Purchase,Moderate Customers
17181.0,312,1,155.52,155.52,No Future Purchase,At-Risk / Inactive Customers
17183.0,44,1,329.67,329.67,No Future Purchase,High-Value Active Customers
17187.0,165,1,203.95,203.95,No Future Purchase,At-Risk / Inactive Customers
17188.0,103,5,1815.09,363.018,Future Purchase,High-Value Active Customers
17189.0,45,2,383.75,191.875,No Future Purchase,At-Risk / Inactive Customers
17190.0,146,1,195.0,195.0,No Future Purchase,At-Risk / Inactive Customers
17191.0,33,6,1561.51,260.25166666666667,Future Purchase,Moderate Customers
17193.0,25,3,747.6,249.20000000000002,Future Purchase,Moderate Customers
17194.0,212,2,262.62,131.31,No Future Purchase,At-Risk / Inactive Customers
17198.0,304,2,521.66,260.83,No Future Purchase,Recent Low-Value Customers
17204.0,114,4,1564.56,391.14,Future Purchase,Moderate Customers
17211.0,119,6,1464.89,244.14833333333334,Future Purchase,High-Value Active Customers
17212.0,192,1,226.85,226.85,No Future Purchase,At-Risk / Inactive Customers
17213.0,80,5,1780.01,356.002,Future Purchase,Moderate Customers
17214.0,24,5,862.42,172.48399999999998,Future Purchase,Moderate Customers
17217.0,173,1,113.5,113.5,No Future Purchase,At-Risk / Inactive Customers
17218.0,10,7,1355.6,193.65714285714284,Future Purchase,High-Value Active Customers
17220.0,10,11,2610.01,237.27363636363637,Future Purchase,High-Value Active Customers
17222.0,4,1,328.65,328.65,No Future Purchase,At-Risk / Inactive Customers
17223.0,249,2,416.89,208.445,No Future Purchase,At-Risk / Inactive Customers
17226.0,247,1,393.49,393.49,No Future Purchase,At-Risk / Inactive Customers
17227.0,9,4,613.2,153.3,Future Purchase,Moderate Customers
17228.0,2,6,1488.56,248.09333333333333,Future Purchase,High-Value Active Customers
17229.0,35,2,318.76,159.38,No Future Purchase,At-Risk / Inactive Customers
17230.0,203,8,3638.41,454.80125,No Future Purchase,Moderate Customers
17231.0,3,8,2286.89,285.86125,Future Purchase,High-Value Active Customers
17234.0,121,1,149.89000000000001,149.89000000000001,No Future Purchase,At-Risk / Inactive Customers
17235.0,311,1,341.9,341.9,No Future Purchase,Recent Low-Value Customers
17236.0,118,5,697.73,139.546,No Future Purchase,Moderate Customers
17238.0,23,12,2207.88,183.99,Future Purchase,High-Value Active Customers
17239.0,251,1,382.5,382.5,No Future Purchase,At-Risk / Inactive Customers
17242.0,47,2,1135.04,567.52,No Future Purchase,Moderate Customers
17243.0,17,17,4581.06,269.47411764705885,Future Purchase,High-Value Active Customers
17245.0,143,1,171.45,171.45,No Future Purchase,At-Risk / Inactive Customers
17248.0,59,1,318.65,318.65,No Future Purchase,At-Risk / Inactive Customers
17250.0,200,1,162.65,162.65,No Future Purchase,Recent Low-Value Customers
17251.0,301,1,269.83,269.83,No Future Purchase,At-Risk / Inactive Customers
17252.0,55,2,348.91,174.455,No Future Purchase,At-Risk / Inactive Customers
17255.0,238,1,108.26,108.26,No Future Purchase,Recent Low-Value Customers
17256.0,46,2,240.0,120.0,No Future Purchase,At-Risk / Inactive Customers
17259.0,87,2,581.23,290.615,No Future Purchase,At-Risk / Inactive Customers
17262.0,166,4,955.3600000000001,238.84000000000003,Future Purchase,Moderate Customers
17263.0,147,1,63.440000000000005,63.440000000000005,No Future Purchase,At-Risk / Inactive Customers
17265.0,77,2,550.01,275.005,No Future Purchase,At-Risk / Inactive Customers
17266.0,86,1,113.06,113.06,Future Purchase,Recent Low-Value Customers
17267.0,66,2,317.2,158.6,No Future Purchase,At-Risk / Inactive Customers
17268.0,46,4,763.64,190.91,Future Purchase,Moderate Customers
17272.0,138,2,1409.44,704.72,No Future Purchase,Moderate Customers
17277.0,166,2,1065.3500000000001,532.6750000000001,No Future Purchase,At-Risk / Inactive Customers
17278.0,180,1,246.04,246.04,No Future Purchase,At-Risk / Inactive Customers
17282.0,69,3,1685.46,561.82,Future Purchase,Moderate Customers
17284.0,59,5,1489.04,297.808,Future Purchase,Moderate Customers
17287.0,13,6,880.3,146.71666666666667,Future Purchase,Moderate Customers
17288.0,146,5,663.7,132.74,No Future Purchase,High-Value Active Customers
17289.0,119,1,164.45,164.45,No Future Purchase,Moderate Customers
17291.0,247,1,550.8000000000001,550.8000000000001,No Future Purchase,At-Risk / Inactive Customers
17293.0,24,6,1117.37,186.22833333333332,Future Purchase,High-Value Active Customers
17295.0,3,1,279.36,279.36,No Future Purchase,Recent Low-Value Customers
17298.0,40,2,498.42,249.21,No Future Purchase,At-Risk / Inactive Customers
17299.0,28,3,565.55,188.51666666666665,Future Purchase,Recent Low-Value Customers
17302.0,61,3,661.61,220.53666666666666,Future Purchase,Moderate Customers
17303.0,300,1,250.04,250.04,No Future Purchase,At-Risk / Inactive Customers
17306.0,10,16,7206.24,450.39,Future Purchase,High-Value Active Customers
17309.0,34,1,82.75,82.75,No Future Purchase,At-Risk / Inactive Customers
17311.0,17,2,1384.85,692.425,Future Purchase,Moderate Customers
17312.0,77,3,644.3,214.76666666666665,Future Purchase,Moderate Customers
17314.0,87,5,1506.92,301.384,Future Purchase,High-Value Active Customers
17315.0,14,32,4936.89,154.2778125,Future Purchase,High-Value Active Customers
17317.0,28,1,2027.94,2027.94,No Future Purchase,Moderate Customers
17320.0,39,3,1200.6200000000001,400.2066666666667,Future Purchase,Moderate Customers
17321.0,6,1,615.91,615.91,No Future Purchase,Recent Low-Value Customers
17323.0,0,5,689.77,137.954,Future Purchase,Moderate Customers
17324.0,270,2,702.23,351.115,No Future Purchase,Moderate Customers
17325.0,219,1,96.8,96.8,No Future Purchase,At-Risk / Inactive Customers
17329.0,254,1,243.36,243.36,No Future Purchase,Recent Low-Value Customers
17330.0,6,1,264.9,264.9,No Future Purchase,Recent Low-Value Customers
17331.0,62,1,175.2,175.2,No Future Purchase,At-Risk / Inactive Customers
17333.0,24,1,494.25,494.25,No Future Purchase,At-Risk / Inactive Customers
17334.0,241,2,307.02,153.51,No Future Purchase,At-Risk / Inactive Customers
17337.0,90,4,1981.06,495.265,Future Purchase,Moderate Customers
17338.0,53,7,5163.92,737.7028571428572,Future Purchase,High-Value Active Customers
17339.0,33,2,243.36,121.68,No Future Purchase,At-Risk / Inactive Customers
17340.0,19,10,8459.5,845.95,Future Purchase,High-Value Active Customers
17341.0,95,3,682.29,227.42999999999998,Future Purchase,Moderate Customers
17343.0,294,1,193.64,193.64,No Future Purchase,At-Risk / Inactive Customers
17345.0,32,3,281.18,93.72666666666667,No Future Purchase,Recent Low-Value Customers
17346.0,42,8,1228.78,153.5975,Future Purchase,High-Value Active Customers
17347.0,25,1,228.96,228.96,No Future Purchase,At-Risk / Inactive Customers
17348.0,10,2,660.61,330.305,No Future Purchase,Moderate Customers
17349.0,118,1,98.25,98.25,No Future Purchase,At-Risk / Inactive Customers
17351.0,108,2,427.3,213.65,No Future Purchase,Moderate Customers
17353.0,68,2,1740.0,870.0,No Future Purchase,Moderate Customers
17356.0,250,1,178.22,178.22,No Future Purchase,At-Risk / Inactive Customers
17358.0,242,2,360.81,180.405,No Future Purchase,At-Risk / Inactive Customers
17360.0,123,1,320.9,320.9,No Future Purchase,Recent Low-Value Customers
17361.0,125,2,263.92,131.96,No Future Purchase,Moderate Customers
17362.0,178,2,312.23,156.115,No Future Purchase,At-Risk / Inactive Customers
17364.0,76,6,2617.41,436.23499999999996,Future Purchase,High-Value Active Customers
17365.0,26,6,3463.28,577.2133333333334,Future Purchase,High-Value Active Customers
17367.0,177,1,167.55,167.55,No Future Purchase,At-Risk / Inactive Customers
17368.0,32,6,1605.07,267.51166666666666,Future Purchase,High-Value Active Customers
17370.0,11,4,446.18,111.545,No Future Purchase,Moderate Customers
17371.0,300,1,92.14,92.14,No Future Purchase,Recent Low-Value Customers
17372.0,105,6,1055.63,175.93833333333336,Future Purchase,Moderate Customers
17373.0,10,3,433.52,144.50666666666666,Future Purchase,Moderate Customers
17374.0,157,2,495.77,247.885,No Future Purchase,At-Risk / Inactive Customers
17375.0,138,3,400.1,133.36666666666667,No Future Purchase,At-Risk / Inactive Customers
17376.0,9,2,203.2,101.6,No Future Purchase,At-Risk / Inactive Customers
17377.0,13,11,2312.58,210.23454545454544,Future Purchase,High-Value Active Customers
17381.0,5,27,19372.01,717.4818518518518,Future Purchase,High-Value Active Customers
17382.0,4,1,65.4,65.4,No Future Purchase,At-Risk / Inactive Customers
17384.0,158,1,227.65,227.65,No Future Purchase,Recent Low-Value Customers
17386.0,38,5,1697.3400000000001,339.468,Future Purchase,High-Value Active Customers
17388.0,16,4,1259.56,314.89,Future Purchase,Moderate Customers
17389.0,13,26,13595.539999999999,522.9053846153846,Future Purchase,High-Value Active Customers
17391.0,102,2,508.8,254.4,No Future Purchase,At-Risk / Inactive Customers
17392.0,245,2,417.27,208.635,No Future Purchase,At-Risk / Inactive Customers
17394.0,158,1,203.86999999999998,203.86999999999998,No Future Purchase,At-Risk / Inactive Customers
17396.0,6,7,6835.8,976.5428571428572,Future Purchase,High-Value Active Customers
17398.0,53,3,653.38,217.79333333333332,Future Purchase,Moderate Customers
17400.0,65,5,2097.84,419.56800000000004,Future Purchase,Moderate Customers
17402.0,24,9,1847.6499999999999,205.29444444444442,Future Purchase,High-Value Active Customers
17404.0,26,11,25118.38,2283.489090909091,Future Purchase,High-Value Active Customers
17405.0,11,2,883.01,441.505,No Future Purchase,Recent Low-Value Customers
17406.0,272,3,2184.42,728.14,Future Purchase,Moderate Customers
17408.0,102,1,32.65,32.65,No Future Purchase,At-Risk / Inactive Customers
17409.0,123,2,771.85,385.925,No Future Purchase,At-Risk / Inactive Customers
17410.0,35,2,419.55,209.775,No Future Purchase,Moderate Customers
17411.0,14,2,569.44,284.72,Future Purchase,Recent Low-Value Customers
17412.0,135,4,709.82,177.455,Future Purchase,High-Value Active Customers
17414.0,123,1,598.0,598.0,No Future Purchase,Moderate Customers
17415.0,18,1,507.84,507.84,No Future Purchase,At-Risk / Inactive Customers
17416.0,16,6,5878.81,979.8016666666667,Future Purchase,High-Value Active Customers
17418.0,262,1,167.39000000000001,167.39000000000001,Future Purchase,Recent Low-Value Customers
17419.0,3,9,3125.55,347.28333333333336,Future Purchase,High-Value Active Customers
17420.0,110,2,391.51,195.755,No Future Purchase,Moderate Customers
17422.0,32,5,1698.97,339.794,Future Purchase,Moderate Customers
17423.0,156,1,449.42,449.42,No Future Purchase,Moderate Customers
17426.0,30,4,4280.59,1070.1475,Future Purchase,High-Value Active Customers
17427.0,10,1,100.8,100.8,No Future Purchase,At-Risk / Inactive Customers
17428.0,3,23,15308.87,665.6030434782609,Future Purchase,High-Value Active Customers
17429.0,67,3,524.9200000000001,174.97333333333336,Future Purchase,At-Risk / Inactive Customers
17430.0,304,1,112.6,112.6,No Future Purchase,Recent Low-Value Customers
17431.0,252,1,403.3,403.3,No Future Purchase,At-Risk / Inactive Customers
17433.0,27,1,303.15999999999997,303.15999999999997,No Future Purchase,At-Risk / Inactive Customers
17434.0,24,1,499.56,499.56,No Future Purchase,High-Value Active Customers
17436.0,165,1,122.39999999999999,122.39999999999999,No Future Purchase,Recent Low-Value Customers
17438.0,192,1,388.45000000000005,388.45000000000005,No Future Purchase,At-Risk / Inactive Customers
17440.0,95,3,186.42000000000002,62.14000000000001,No Future Purchase,At-Risk / Inactive Customers
17442.0,32,5,1921.69,384.338,Future Purchase,Moderate Customers
17443.0,158,1,534.24,534.24,No Future Purchase,At-Risk / Inactive Customers
17444.0,86,3,2940.04,980.0133333333333,Future Purchase,Moderate Customers
17446.0,115,2,120.9,60.45,No Future Purchase,At-Risk / Inactive Customers
17447.0,10,1,372.48,372.48,No Future Purchase,Recent Low-Value Customers
17449.0,33,4,1497.55,374.3875,Future Purchase,High-Value Active Customers
17450.0,9,33,161022.98,4879.484242424242,Future Purchase,High-Value Active Customers
17451.0,20,2,560.98,280.49,Future Purchase,High-Value Active Customers
17453.0,3,1,341.99999999999994,341.99999999999994,No Future Purchase,Recent Low-Value Customers
17454.0,131,4,517.53,129.3825,No Future Purchase,Moderate Customers
17455.0,142,1,131.7,131.7,No Future Purchase,At-Risk / Inactive Customers
17456.0,304,1,249.86,249.86,No Future Purchase,At-Risk / Inactive Customers
17457.0,65,5,1737.7,347.54,Future Purchase,Moderate Customers
17460.0,33,6,622.4300000000001,103.73833333333334,Future Purchase,Moderate Customers
17462.0,223,1,463.40999999999997,463.40999999999997,No Future Purchase,Moderate Customers
17463.0,115,3,1227.59,409.19666666666666,Future Purchase,Moderate Customers
17464.0,97,1,289.96000000000004,289.96000000000004,No Future Purchase,At-Risk / Inactive Customers
17466.0,17,1,460.41,460.41,No Future Purchase,Recent Low-Value Customers
17469.0,11,4,1492.07,373.0175,Future Purchase,Moderate Customers
17470.0,66,4,816.47,204.1175,Future Purchase,Moderate Customers
17472.0,130,3,697.54,232.51333333333332,Future Purchase,Moderate Customers
17475.0,18,1,194.37,194.37,No Future Purchase,At-Risk / Inactive Customers
17480.0,16,1,511.82,511.82,No Future Purchase,At-Risk / Inactive Customers
17481.0,32,1,260.63,260.63,No Future Purchase,Recent Low-Value Customers
17483.0,4,3,414.04,138.01333333333335,No Future Purchase,Moderate Customers
17486.0,200,1,396.87,396.87,No Future Purchase,At-Risk / Inactive Customers
17489.0,151,1,208.56,208.56,No Future Purchase,At-Risk / Inactive Customers
17490.0,3,4,1321.22,330.305,Future Purchase,High-Value Active Customers
17491.0,13,7,2423.62,346.2314285714286,Future Purchase,High-Value Active Customers
17492.0,187,1,374.57,374.57,No Future Purchase,At-Risk / Inactive Customers
17496.0,297,1,271.05,271.05,No Future Purchase,At-Risk / Inactive Customers
17498.0,14,1,272.22,272.22,No Future Purchase,At-Risk / Inactive Customers
17499.0,228,1,622.88,622.88,No Future Purchase,At-Risk / Inactive Customers
17501.0,159,2,288.6,144.3,No Future Purchase,At-Risk / Inactive Customers
17504.0,145,9,2997.0299999999997,333.00333333333333,No Future Purchase,Moderate Customers
17505.0,100,2,1145.84,572.92,No Future Purchase,Moderate Customers
17506.0,14,1,302.2,302.2,No Future Purchase,At-Risk / Inactive Customers
17507.0,200,2,605.58,302.79,No Future Purchase,At-Risk / Inactive Customers
17508.0,219,1,387.31,387.31,No Future Purchase,At-Risk / Inactive Customers
17509.0,2,6,4302.36,717.06,Future Purchase,Moderate Customers
17511.0,4,24,68261.23,2844.2179166666665,Future Purchase,High-Value Active Customers
17512.0,60,8,1891.9,236.4875,Future Purchase,High-Value Active Customers
17513.0,11,1,513.2,513.2,No Future Purchase,At-Risk / Inactive Customers
17514.0,67,1,208.65,208.65,No Future Purchase,At-Risk / Inactive Customers
17515.0,145,3,571.37,190.45666666666668,Future Purchase,Moderate Customers
17516.0,58,4,605.65,151.4125,No Future Purchase,Moderate Customers
17517.0,247,1,153.94,153.94,No Future Purchase,At-Risk / Inactive Customers
17519.0,72,5,1488.0,297.6,Future Purchase,Moderate Customers
17521.0,4,2,497.75,248.875,No Future Purchase,Moderate Customers
17522.0,77,4,912.25,228.0625,Future Purchase,High-Value Active Customers
17524.0,300,1,145.0,145.0,No Future Purchase,At-Risk / Inactive Customers
17525.0,298,1,422.70000000000005,422.70000000000005,No Future Purchase,At-Risk / Inactive Customers
17526.0,229,3,872.8,290.93333333333334,Future Purchase,Recent Low-Value Customers
17527.0,19,3,788.22,262.74,Future Purchase,Moderate Customers
17528.0,10,2,1107.08,553.54,No Future Purchase,High-Value Active Customers
17530.0,24,7,1760.81,251.5442857142857,Future Purchase,High-Value Active Customers
17531.0,129,1,296.7,296.7,No Future Purchase,At-Risk / Inactive Customers
17535.0,219,1,164.4,164.4,No Future Purchase,At-Risk / Inactive Customers
17536.0,116,1,76.5,76.5,No Future Purchase,At-Risk / Inactive Customers
17537.0,242,1,620.75,620.75,No Future Purchase,Recent Low-Value Customers
17540.0,255,1,268.8,268.8,No Future Purchase,Recent Low-Value Customers
17542.0,208,1,170.75,170.75,No Future Purchase,At-Risk / Inactive Customers
17548.0,172,1,103.3,103.3,No Future Purchase,At-Risk / Inactive Customers
17550.0,136,3,267.16,89.05333333333334,No Future Purchase,At-Risk / Inactive Customers
17551.0,298,1,290.34,290.34,No Future Purchase,At-Risk / Inactive Customers
17552.0,10,3,913.91,304.63666666666666,Future Purchase,Moderate Customers
17553.0,68,1,1487.6,1487.6,No Future Purchase,At-Risk / Inactive Customers
17554.0,61,2,1249.89,624.945,Future Purchase,High-Value Active Customers
17555.0,273,1,195.45,195.45,No Future Purchase,Recent Low-Value Customers
17556.0,144,1,157.9,157.9,No Future Purchase,At-Risk / Inactive Customers
17557.0,20,1,288.36,288.36,No Future Purchase,Recent Low-Value Customers
17560.0,33,5,854.95,170.99,Future Purchase,Moderate Customers
17562.0,26,5,852.88,170.576,Future Purchase,Moderate Customers
17564.0,19,1,119.12,119.12,No Future Purchase,Recent Low-Value Customers
17567.0,31,6,2925.45,487.575,Future Purchase,High-Value Active Customers
17569.0,271,1,344.14,344.14,No Future Purchase,At-Risk / Inactive Customers
17571.0,84,3,559.55,186.51666666666665,Future Purchase,Moderate Customers
17572.0,10,4,226.75000000000003,56.68750000000001,No Future Purchase,At-Risk / Inactive Customers
17573.0,24,2,182.21,91.105,Future Purchase,Recent Low-Value Customers
17574.0,181,1,185.65,185.65,No Future Purchase,At-Risk / Inactive Customers
17576.0,12,16,2729.55,170.596875,Future Purchase,High-Value Active Customers
17578.0,157,1,143.45999999999998,143.45999999999998,No Future Purchase,At-Risk / Inactive Customers
17579.0,76,2,270.86,135.43,No Future Purchase,Recent Low-Value Customers
17580.0,191,3,215.72,71.90666666666667,No Future Purchase,At-Risk / Inactive Customers
17581.0,17,19,8358.27,439.9089473684211,Future Purchase,High-Value Active Customers
17582.0,175,1,175.27,175.27,No Future Purchase,At-Risk / Inactive Customers
17584.0,66,1,749.45,749.45,No Future Purchase,Recent Low-Value Customers
17585.0,48,4,1116.68,279.17,Future Purchase,Moderate Customers
17588.0,39,3,1240.2,413.40000000000003,No Future Purchase,Moderate Customers
17589.0,90,3,1843.07,614.3566666666667,Future Purchase,Moderate Customers
17591.0,12,7,2203.67,314.81,Future Purchase,Moderate Customers
17593.0,30,4,3245.66,811.415,Future Purchase,High-Value Active Customers
17594.0,24,2,993.18,496.59,No Future Purchase,Moderate Customers
17596.0,2,5,2347.44,469.488,Future Purchase,High-Value Active Customers
17597.0,152,1,2044.3700000000001,2044.3700000000001,No Future Purchase,Moderate Customers
17601.0,178,1,116.00999999999999,116.00999999999999,No Future Purchase,At-Risk / Inactive Customers
17602.0,24,3,2134.19,711.3966666666666,Future Purchase,High-Value Active Customers
17603.0,17,1,394.72,394.72,No Future Purchase,At-Risk / Inactive Customers
17604.0,156,2,309.36,154.68,No Future Purchase,At-Risk / Inactive Customers
17609.0,12,3,744.6,248.20000000000002,Future Purchase,Moderate Customers
17611.0,11,10,2993.62,299.36199999999997,Future Purchase,High-Value Active Customers
17612.0,34,5,1682.94,336.588,Future Purchase,Moderate Customers
17613.0,20,10,3766.53,376.653,Future Purchase,High-Value Active Customers
17615.0,69,3,329.6,109.86666666666667,No Future Purchase,At-Risk / Inactive Customers
17616.0,112,3,571.1999999999999,190.39999999999998,Future Purchase,At-Risk / Inactive Customers
17618.0,187,2,625.48,312.74,No Future Purchase,Recent Low-Value Customers
17619.0,251,1,214.37,214.37,No Future Purchase,At-Risk / Inactive Customers
17621.0,251,2,901.78,450.89,No Future Purchase,Moderate Customers
17624.0,157,1,400.3,400.3,No Future Purchase,Recent Low-Value Customers
17625.0,79,2,1227.13,613.565,Future Purchase,Moderate Customers
17628.0,20,1,75.75,75.75,No Future Purchase,At-Risk / Inactive Customers
17629.0,5,6,1392.17,232.02833333333334,Future Purchase,High-Value Active Customers
17630.0,108,2,503.59999999999997,251.79999999999998,No Future Purchase,At-Risk / Inactive Customers
17631.0,76,2,416.5,208.25,No Future Purchase,Recent Low-Value Customers
17633.0,10,3,1004.5,334.8333333333333,Future Purchase,Moderate Customers
17634.0,31,7,2077.07,296.7242857142857,Future Purchase,High-Value Active Customers
17637.0,54,1,338.95,338.95,No Future Purchase,Recent Low-Value Customers
17639.0,215,1,108.5,108.5,No Future Purchase,At-Risk / Inactive Customers
17640.0,25,1,621.66,621.66,No Future Purchase,At-Risk / Inactive Customers
17642.0,58,2,712.29,356.145,No Future Purchase,At-Risk / Inactive Customers
17643.0,312,1,101.55,101.55,No Future Purchase,At-Risk / Inactive Customers
17644.0,17,8,2132.67,266.58375,Future Purchase,High-Value Active Customers
17646.0,158,3,1008.39,336.13,Future Purchase,Moderate Customers
17647.0,4,1,133.06,133.06,No Future Purchase,At-Risk / Inactive Customers
17648.0,131,3,1107.39,369.13000000000005,Future Purchase,Moderate Customers
17649.0,77,1,868.49,868.49,No Future Purchase,At-Risk / Inactive Customers
17651.0,3,6,2716.35,452.72499999999997,Future Purchase,High-Value Active Customers
17652.0,6,8,3643.84,455.48,Future Purchase,High-Value Active Customers
17653.0,38,2,343.34,171.67,No Future Purchase,Moderate Customers
17654.0,216,1,117.55,117.55,No Future Purchase,At-Risk / Inactive Customers
17655.0,55,5,1903.3300000000002,380.66600000000005,Future Purchase,High-Value Active Customers
17656.0,12,5,1674.69,334.938,Future Purchase,Moderate Customers
17658.0,150,1,317.59999999999997,317.59999999999997,No Future Purchase,Recent Low-Value Customers
17659.0,39,9,1653.03,183.67,Future Purchase,High-Value Active Customers
17660.0,80,1,178.75,178.75,No Future Purchase,At-Risk / Inactive Customers
17663.0,23,5,1287.81,257.562,Future Purchase,Moderate Customers
17664.0,151,1,326.19,326.19,No Future Purchase,Recent Low-Value Customers
17666.0,4,1,409.08,409.08,No Future Purchase,Recent Low-Value Customers
17667.0,5,5,2055.51,411.10200000000003,Future Purchase,Moderate Customers
17669.0,24,6,3194.72,532.4533333333333,Future Purchase,Moderate Customers
17670.0,166,1,205.7,205.7,No Future Purchase,At-Risk / Inactive Customers
17671.0,96,3,1098.55,366.18333333333334,Future Purchase,Moderate Customers
17672.0,248,1,1177.8400000000001,1177.8400000000001,No Future Purchase,Moderate Customers
17673.0,5,5,1482.5,296.5,Future Purchase,High-Value Active Customers
17674.0,13,2,551.04,275.52,Future Purchase,At-Risk / Inactive Customers
17675.0,9,25,15125.17,605.0068,Future Purchase,High-Value Active Customers
17676.0,48,4,730.84,182.71,Future Purchase,High-Value Active Customers
17677.0,21,22,12703.18,577.4172727272727,Future Purchase,High-Value Active Customers
17678.0,202,1,298.11,298.11,No Future Purchase,At-Risk / Inactive Customers
17679.0,24,1,1643.2,1643.2,Future Purchase,Moderate Customers
17682.0,54,5,1899.3500000000001,379.87,Future Purchase,High-Value Active Customers
17685.0,27,6,2763.4300000000003,460.5716666666667,Future Purchase,High-Value Active Customers
17686.0,19,6,5110.09,851.6816666666667,Future Purchase,High-Value Active Customers
17690.0,4,12,3645.98,303.83166666666665,Future Purchase,High-Value Active Customers
17691.0,297,2,290.40000000000003,145.20000000000002,No Future Purchase,At-Risk / Inactive Customers
17692.0,66,4,740.9399999999999,185.23499999999999,Future Purchase,Moderate Customers
17693.0,76,1,200.47,200.47,No Future Purchase,At-Risk / Inactive Customers
17694.0,80,1,283.12,283.12,No Future Purchase,At-Risk / Inactive Customers
17695.0,70,2,765.34,382.67,No Future Purchase,At-Risk / Inactive Customers
17696.0,47,7,1915.5900000000001,273.6557142857143,Future Purchase,Moderate Customers
17697.0,175,1,338.95,338.95,No Future Purchase,At-Risk / Inactive Customers
17698.0,199,1,154.95,154.95,No Future Purchase,At-Risk / Inactive Customers
17700.0,33,3,1681.83,560.61,Future Purchase,Moderate Customers
17701.0,191,1,417.95,417.95,No Future Purchase,At-Risk / Inactive Customers
17702.0,47,3,1338.77,446.25666666666666,Future Purchase,Moderate Customers
17703.0,48,2,490.96,245.48,No Future Purchase,Moderate Customers
17704.0,107,2,885.19,442.595,No Future Purchase,At-Risk / Inactive Customers
17705.0,13,7,1191.92,170.27428571428572,Future Purchase,High-Value Active Customers
17706.0,39,12,8027.5,668.9583333333334,Future Purchase,High-Value Active Customers
17707.0,124,2,152.4,76.2,No Future Purchase,At-Risk / Inactive Customers
17708.0,126,2,263.33,131.665,No Future Purchase,At-Risk / Inactive Customers
17709.0,108,1,137.45,137.45,No Future Purchase,At-Risk / Inactive Customers
17711.0,228,1,220.53000000000003,220.53000000000003,No Future Purchase,Recent Low-Value Customers
17714.0,259,1,153.0,153.0,No Future Purchase,At-Risk / Inactive Customers
17715.0,139,1,326.4,326.4,No Future Purchase,At-Risk / Inactive Customers
17716.0,14,9,5002.31,555.8122222222223,Future Purchase,High-Value Active Customers
17718.0,171,1,139.35,139.35,No Future Purchase,At-Risk / Inactive Customers
17719.0,14,14,5088.9,363.49285714285713,Future Purchase,High-Value Active Customers
17720.0,52,3,887.6,295.8666666666667,Future Purchase,Moderate Customers
17722.0,35,4,2424.04,606.01,Future Purchase,Moderate Customers
17723.0,66,6,3276.4000000000005,546.0666666666667,Future Purchase,Moderate Customers
17724.0,10,3,1033.0,344.3333333333333,Future Purchase,Moderate Customers
17725.0,9,9,2841.08,315.67555555555555,Future Purchase,High-Value Active Customers
17728.0,4,2,2288.16,1144.08,No Future Purchase,High-Value Active Customers
17730.0,17,9,3547.33,394.1477777777778,Future Purchase,High-Value Active Customers
17731.0,18,4,1240.11,310.0275,Future Purchase,Moderate Customers
17732.0,311,1,303.97,303.97,No Future Purchase,At-Risk / Inactive Customers
17733.0,200,1,216.95000000000002,216.95000000000002,No Future Purchase,Recent Low-Value Customers
17734.0,75,2,540.21,270.105,No Future Purchase,Moderate Customers
17735.0,4,17,11653.710000000001,685.5123529411766,Future Purchase,High-Value Active Customers
17736.0,52,1,307.49,307.49,No Future Purchase,Recent Low-Value Customers
17738.0,87,3,1571.49,523.83,Future Purchase,Moderate Customers
17739.0,4,5,2047.58,409.51599999999996,Future Purchase,High-Value Active Customers
17742.0,52,2,355.11,177.555,No Future Purchase,At-Risk / Inactive Customers
17744.0,189,4,1288.96,322.24,Future Purchase,High-Value Active Customers
17746.0,179,1,110.25,110.25,No Future Purchase,At-Risk / Inactive Customers
17747.0,51,1,71.4,71.4,No Future Purchase,At-Risk / Inactive Customers
17749.0,117,2,674.52,337.26,No Future Purchase,At-Risk / Inactive Customers
17750.0,21,6,1334.13,222.35500000000002,Future Purchase,High-Value Active Customers
17752.0,298,1,80.64,80.64,No Future Purchase,At-Risk / Inactive Customers
17754.0,4,3,949.56,316.52,Future Purchase,High-Value Active Customers
17757.0,9,22,3723.52,169.2509090909091,Future Purchase,High-Value Active Customers
17758.0,18,5,2092.48,418.496,Future Purchase,High-Value Active Customers
17759.0,108,2,167.15,83.575,No Future Purchase,Recent Low-Value Customers
17760.0,312,1,172.54,172.54,No Future Purchase,Recent Low-Value Customers
17763.0,202,1,15.0,15.0,No Future Purchase,At-Risk / Inactive Customers
17764.0,150,1,230.67000000000002,230.67000000000002,No Future Purchase,Moderate Customers
17765.0,97,3,367.63,122.54333333333334,No Future Purchase,At-Risk / Inactive Customers
17768.0,105,1,385.83,385.83,No Future Purchase,Recent Low-Value Customers
17769.0,77,4,1817.88,454.47,Future Purchase,High-Value Active Customers
17770.0,137,5,1143.27,228.654,No Future Purchase,Moderate Customers
17771.0,262,1,115.8,115.8,No Future Purchase,At-Risk / Inactive Customers
17774.0,35,4,1213.73,303.4325,Future Purchase,Moderate Customers
17775.0,193,1,56.4,56.4,No Future Purchase,At-Risk / Inactive Customers
17777.0,39,1,189.79999999999998,189.79999999999998,No Future Purchase,Recent Low-Value Customers
17779.0,26,2,481.26,240.63,Future Purchase,Recent Low-Value Customers
17781.0,98,2,188.02,94.01,No Future Purchase,At-Risk / Inactive Customers
17783.0,11,2,283.47,141.735,No Future Purchase,At-Risk / Inactive Customers
17786.0,24,2,266.85,133.425,No Future Purchase,At-Risk / Inactive Customers
17787.0,91,4,1817.54,454.385,Future Purchase,Moderate Customers
17788.0,12,2,1117.9,558.95,No Future Purchase,Moderate Customers
17789.0,220,1,225.9,225.9,No Future Purchase,At-Risk / Inactive Customers
17790.0,0,13,1690.79,130.06076923076924,Future Purchase,High-Value Active Customers
17795.0,118,2,342.83,171.415,No Future Purchase,At-Risk / Inactive Customers
17796.0,252,3,614.1,204.70000000000002,No Future Purchase,Moderate Customers
17797.0,121,1,272.41,272.41,No Future Purchase,Recent Low-Value Customers
17799.0,38,9,2514.99,279.4433333333333,Future Purchase,High-Value Active Customers
17800.0,30,7,904.8000000000001,129.25714285714287,Future Purchase,Moderate Customers
17802.0,21,3,1285.04,428.34666666666664,Future Purchase,Moderate Customers
17805.0,12,1,512.31,512.31,No Future Purchase,At-Risk / Inactive Customers
17809.0,68,8,2856.71,357.08875,Future Purchase,High-Value Active Customers
17811.0,0,29,5475.3,188.80344827586208,Future Purchase,High-Value Active Customers
17812.0,307,1,193.29999999999998,193.29999999999998,No Future Purchase,Recent Low-Value Customers
17813.0,3,2,1280.99,640.495,No Future Purchase,Moderate Customers
17816.0,4,3,30.32,10.106666666666667,Future Purchase,At-Risk / Inactive Customers
17817.0,216,2,269.7,134.85,No Future Purchase,Recent Low-Value Customers
17819.0,10,7,3704.87,529.2671428571429,Future Purchase,Moderate Customers
17827.0,181,4,1580.47,395.1175,Future Purchase,High-Value Active Customers
17828.0,48,3,1076.66,358.8866666666667,Future Purchase,Moderate Customers
17829.0,237,1,889.24,889.24,No Future Purchase,At-Risk / Inactive Customers
17830.0,200,2,287.65000000000003,143.82500000000002,No Future Purchase,Recent Low-Value Customers
17837.0,4,5,785.5,157.1,Future Purchase,Moderate Customers
17838.0,28,4,2267.4,566.85,Future Purchase,Moderate Customers
17841.0,2,94,27009.42,287.3342553191489,Future Purchase,High-Value Active Customers
17843.0,242,1,205.48,205.48,No Future Purchase,At-Risk / Inactive Customers
17844.0,45,1,51.559999999999995,51.559999999999995,No Future Purchase,At-Risk / Inactive Customers
17846.0,24,1,2033.1,2033.1,No Future Purchase,Moderate Customers
17848.0,20,9,901.1999999999999,100.13333333333333,No Future Purchase,Moderate Customers
17849.0,157,4,605.8000000000001,151.45000000000002,No Future Purchase,Moderate Customers
17850.0,311,34,5391.21,158.565,No Future Purchase,High-Value Active Customers
17854.0,124,2,311.26,155.63,No Future Purchase,At-Risk / Inactive Customers
17855.0,311,1,208.97,208.97,No Future Purchase,At-Risk / Inactive Customers
17856.0,172,3,1142.63,380.8766666666667,Future Purchase,Recent Low-Value Customers
17857.0,11,15,14839.52,989.3013333333333,Future Purchase,High-Value Active Customers
17858.0,21,10,3907.39,390.739,Future Purchase,High-Value Active Customers
17859.0,243,1,141.92000000000002,141.92000000000002,No Future Purchase,At-Risk / Inactive Customers
17860.0,307,1,226.45000000000002,226.45000000000002,No Future Purchase,At-Risk / Inactive Customers
17861.0,75,5,1299.49,259.898,Future Purchase,High-Value Active Customers
17862.0,262,1,330.9,330.9,No Future Purchase,At-Risk / Inactive Customers
17863.0,19,5,2127.3,425.46000000000004,Future Purchase,Moderate Customers
17864.0,28,2,438.07,219.035,Future Purchase,Recent Low-Value Customers
17865.0,18,17,8515.08,500.8870588235294,Future Purchase,High-Value Active Customers
17866.0,81,1,329.65,329.65,No Future Purchase,At-Risk / Inactive Customers
17867.0,82,4,957.48,239.37,Future Purchase,Moderate Customers
17869.0,46,5,428.18,85.636,No Future Purchase,Moderate Customers
17870.0,10,8,905.16,113.145,Future Purchase,High-Value Active Customers
17871.0,143,1,155.9,155.9,No Future Purchase,At-Risk / Inactive Customers
17873.0,19,5,1848.96,369.79200000000003,Future Purchase,Moderate Customers
17874.0,124,6,683.46,113.91000000000001,No Future Purchase,Moderate Customers
17877.0,109,1,237.61,237.61,No Future Purchase,At-Risk / Inactive Customers
17879.0,112,1,178.51999999999998,178.51999999999998,No Future Purchase,At-Risk / Inactive Customers
17880.0,303,1,458.92,458.92,No Future Purchase,At-Risk / Inactive Customers
17881.0,243,1,133.35000000000002,133.35000000000002,No Future Purchase,At-Risk / Inactive Customers
17883.0,25,2,197.8,98.9,No Future Purchase,Recent Low-Value Customers
17884.0,250,3,590.54,196.84666666666666,No Future Purchase,Recent Low-Value Customers
17886.0,149,2,377.71,188.855,No Future Purchase,Moderate Customers
17887.0,68,1,111.35,111.35,No Future Purchase,At-Risk / Inactive Customers
17888.0,18,5,355.6,71.12,Future Purchase,Moderate Customers
17889.0,151,2,201.37,100.685,No Future Purchase,At-Risk / Inactive Customers
17890.0,261,2,586.89,293.445,No Future Purchase,At-Risk / Inactive Customers
17891.0,101,1,203.85999999999999,203.85999999999999,No Future Purchase,At-Risk / Inactive Customers
17892.0,94,1,142.1,142.1,No Future Purchase,At-Risk / Inactive Customers
17893.0,164,1,107.21,107.21,No Future Purchase,At-Risk / Inactive Customers
17894.0,10,8,1118.96,139.87,Future Purchase,Moderate Customers
17897.0,111,3,541.8100000000001,180.60333333333335,Future Purchase,At-Risk / Inactive Customers
17898.0,24,2,152.06,76.03,No Future Purchase,At-Risk / Inactive Customers
17899.0,98,1,154.55,154.55,No Future Purchase,At-Risk / Inactive Customers
17900.0,129,2,112.19999999999999,56.099999999999994,No Future Purchase,At-Risk / Inactive Customers
17905.0,10,4,798.99,199.7475,Future Purchase,Moderate Customers
17906.0,186,1,72.9,72.9,No Future Purchase,At-Risk / Inactive Customers
17908.0,312,1,232.03,232.03,No Future Purchase,At-Risk / Inactive Customers
17912.0,249,5,310.06,62.012,No Future Purchase,At-Risk / Inactive Customers
17913.0,294,1,218.05,218.05,No Future Purchase,At-Risk / Inactive Customers
17917.0,195,2,226.71,113.355,No Future Purchase,Recent Low-Value Customers
17919.0,27,1,1304.04,1304.04,No Future Purchase,Moderate Customers
17920.0,17,10,2555.8,255.58,Future Purchase,High-Value Active Customers
17921.0,3,4,820.23,205.0575,Future Purchase,Moderate Customers
17923.0,221,1,207.50000000000003,207.50000000000003,No Future Purchase,At-Risk / Inactive Customers
17924.0,6,3,2076.7200000000003,692.2400000000001,Future Purchase,High-Value Active Customers
17925.0,311,1,244.08,244.08,No Future Purchase,At-Risk / Inactive Customers
17926.0,72,2,397.29,198.645,No Future Purchase,At-Risk / Inactive Customers
17928.0,185,1,78.25999999999999,78.25999999999999,No Future Purchase,At-Risk / Inactive Customers
17929.0,51,3,707.0,235.66666666666666,Future Purchase,Recent Low-Value Customers
17930.0,3,4,1313.64,328.41,Future Purchase,Moderate Customers
17931.0,73,2,408.36,204.18,No Future Purchase,At-Risk / Inactive Customers
17932.0,112,2,934.51,467.255,No Future Purchase,Moderate Customers
17935.0,77,2,145.79,72.895,No Future Purchase,At-Risk / Inactive Customers
17937.0,53,5,3614.52,722.904,Future Purchase,High-Value Active Customers
17939.0,98,1,99.14,99.14,No Future Purchase,At-Risk / Inactive Customers
17940.0,47,9,3828.04,425.3377777777778,Future Purchase,High-Value Active Customers
17941.0,69,1,304.56,304.56,No Future Purchase,At-Risk / Inactive Customers
17946.0,172,2,149.57999999999998,74.78999999999999,No Future Purchase,At-Risk / Inactive Customers
17948.0,86,1,358.56000000000006,358.56000000000006,No Future Purchase,At-Risk / Inactive Customers
17949.0,9,36,52697.2,1463.8111111111111,Future Purchase,High-Value Active Customers
17950.0,11,3,482.2,160.73333333333332,Future Purchase,Moderate Customers
17951.0,297,2,409.50000000000006,204.75000000000003,No Future Purchase,Moderate Customers
17954.0,7,11,2034.76,184.9781818181818,Future Purchase,High-Value Active Customers
17955.0,137,4,557.3,139.325,No Future Purchase,Moderate Customers
17956.0,188,1,12.75,12.75,No Future Purchase,At-Risk / Inactive Customers
17957.0,5,1,111.68,111.68,No Future Purchase,At-Risk / Inactive Customers
17958.0,55,1,508.4599999999999,508.4599999999999,No Future Purchase,At-Risk / Inactive Customers
17960.0,110,1,73.78,73.78,No Future Purchase,At-Risk / Inactive Customers
17961.0,9,36,1269.89,35.27472222222222,Future Purchase,High-Value Active Customers
17962.0,81,1,102.41,102.41,No Future Purchase,At-Risk / Inactive Customers
17964.0,311,1,261.76,261.76,No Future Purchase,Recent Low-Value Customers
17965.0,30,12,2251.41,187.61749999999998,Future Purchase,High-Value Active Customers
17966.0,90,4,594.43,148.6075,No Future Purchase,Moderate Customers
17967.0,310,1,112.27,112.27,No Future Purchase,At-Risk / Inactive Customers
17968.0,312,1,265.1,265.1,No Future Purchase,At-Risk / Inactive Customers
17969.0,105,2,228.2,114.1,No Future Purchase,At-Risk / Inactive Customers
17970.0,150,1,562.79,562.79,No Future Purchase,At-Risk / Inactive Customers
17972.0,180,1,135.19,135.19,No Future Purchase,At-Risk / Inactive Customers
17974.0,158,1,164.07,164.07,No Future Purchase,Recent Low-Value Customers
17975.0,2,12,4235.64,352.97,Future Purchase,High-Value Active Customers
17976.0,311,1,321.79,321.79,No Future Purchase,At-Risk / Inactive Customers
17978.0,304,1,300.91999999999996,300.91999999999996,No Future Purchase,At-Risk / Inactive Customers
17979.0,107,3,494.54,164.84666666666666,Future Purchase,Moderate Customers
17980.0,104,3,811.45,270.48333333333335,Future Purchase,Moderate Customers
17984.0,84,1,152.68,152.68,No Future Purchase,At-Risk / Inactive Customers
17987.0,124,1,198.57,198.57,No Future Purchase,At-Risk / Inactive Customers
17988.0,56,5,146.0,29.2,Future Purchase,Recent Low-Value Customers
17990.0,175,3,630.84,210.28,Future Purchase,At-Risk / Inactive Customers
17991.0,164,2,93.35,46.675,No Future Purchase,At-Risk / Inactive Customers
17994.0,60,4,674.89,168.7225,Future Purchase,Moderate Customers
17995.0,220,1,76.1,76.1,No Future Purchase,At-Risk / Inactive Customers
17997.0,13,8,1962.46,245.3075,Future Purchase,Moderate Customers
17999.0,305,1,190.34,190.34,No Future Purchase,Recent Low-Value Customers
18001.0,25,1,250.13,250.13,No Future Purchase,Recent Low-Value Customers
18004.0,301,1,157.92,157.92,No Future Purchase,At-Risk / Inactive Customers
18008.0,9,9,2116.19,235.13222222222223,Future Purchase,Moderate Customers
18009.0,174,1,247.39,247.39,No Future Purchase,At-Risk / Inactive Customers
18010.0,195,1,174.8,174.8,No Future Purchase,At-Risk / Inactive Customers
18011.0,312,1,102.78999999999999,102.78999999999999,No Future Purchase,At-Risk / Inactive Customers
18013.0,94,2,187.29,93.645,No Future Purchase,At-Risk / Inactive Customers
18016.0,13,4,1107.41,276.8525,Future Purchase,Moderate Customers
18017.0,20,3,523.0,174.33333333333334,Future Purchase,Moderate Customers
18018.0,47,2,122.14,61.07,No Future Purchase,At-Risk / Inactive Customers
18024.0,91,2,389.78,194.89,No Future Purchase,At-Risk / Inactive Customers
18027.0,37,1,115.31,115.31,No Future Purchase,At-Risk / Inactive Customers
18032.0,273,1,73.5,73.5,No Future Purchase,At-Risk / Inactive Customers
18033.0,4,1,93.82000000000001,93.82000000000001,No Future Purchase,At-Risk / Inactive Customers
18036.0,44,2,253.69,126.845,No Future Purchase,Recent Low-Value Customers
18037.0,93,6,70.02,11.67,Future Purchase,At-Risk / Inactive Customers
18040.0,184,1,239.0,239.0,No Future Purchase,Recent Low-Value Customers
18041.0,9,18,3489.03,193.835,Future Purchase,High-Value Active Customers
18043.0,145,2,421.59,210.795,No Future Purchase,Recent Low-Value Customers
18044.0,26,8,1537.5,192.1875,Future Purchase,High-Value Active Customers
18048.0,142,2,172.29000000000002,86.14500000000001,No Future Purchase,At-Risk / Inactive Customers
18050.0,298,1,74.4,74.4,No Future Purchase,At-Risk / Inactive Customers
18053.0,9,1,300.02,300.02,No Future Purchase,At-Risk / Inactive Customers
18055.0,23,8,4905.87,613.23375,Future Purchase,High-Value Active Customers
18056.0,227,1,363.65,363.65,No Future Purchase,At-Risk / Inactive Customers
18059.0,6,1,124.08,124.08,No Future Purchase,Recent Low-Value Customers
18061.0,4,9,2027.01,225.22333333333333,Future Purchase,High-Value Active Customers
18062.0,112,3,720.52,240.17333333333332,Future Purchase,Moderate Customers
18064.0,72,2,814.0,407.0,No Future Purchase,At-Risk / Inactive Customers
18065.0,25,11,1949.19,177.19909090909093,Future Purchase,High-Value Active Customers
18066.0,14,1,318.0,318.0,No Future Purchase,At-Risk / Inactive Customers
18068.0,228,1,101.69999999999999,101.69999999999999,No Future Purchase,At-Risk / Inactive Customers
18069.0,27,4,1761.17,440.2925,Future Purchase,Moderate Customers
18071.0,196,2,453.0,226.5,No Future Purchase,At-Risk / Inactive Customers
18072.0,124,1,247.44,247.44,No Future Purchase,At-Risk / Inactive Customers
18073.0,53,12,3859.82,321.6516666666667,Future Purchase,Moderate Customers
18074.0,312,1,489.6,489.6,No Future Purchase,At-Risk / Inactive Customers
18075.0,45,8,1957.75,244.71875,Future Purchase,High-Value Active Customers
18077.0,42,7,1622.34,231.76285714285714,Future Purchase,High-Value Active Customers
18078.0,156,2,336.13,168.065,No Future Purchase,At-Risk / Inactive Customers
18079.0,65,2,2206.18,1103.09,No Future Purchase,Moderate Customers
18080.0,181,1,841.4999999999999,841.4999999999999,No Future Purchase,Recent Low-Value Customers
18081.0,51,2,208.05,104.025,No Future Purchase,Recent Low-Value Customers
18085.0,269,2,689.95,344.975,No Future Purchase,At-Risk / Inactive Customers
18086.0,213,1,101.34,101.34,No Future Purchase,At-Risk / Inactive Customers
18087.0,37,2,4055.7199999999993,2027.8599999999997,No Future Purchase,Moderate Customers
18088.0,0,1,166.03,166.03,No Future Purchase,At-Risk / Inactive Customers
18092.0,25,9,7155.5199999999995,795.0577777777777,Future Purchase,High-Value Active Customers
18093.0,32,4,2106.52,526.63,Future Purchase,Moderate Customers
18094.0,20,7,3017.3,431.04285714285714,Future Purchase,Moderate Customers
18095.0,251,2,580.0500000000001,290.02500000000003,No Future Purchase,At-Risk / Inactive Customers
18096.0,2,1,142.71,142.71,No Future Purchase,Recent Low-Value Customers
18097.0,65,5,1986.2,397.24,Future Purchase,High-Value Active Customers
18099.0,66,1,168.31,168.31,No Future Purchase,At-Risk / Inactive Customers
18101.0,82,1,110.23,110.23,No Future Purchase,Recent Low-Value Customers
18102.0,5,48,203146.86,4232.22625,Future Purchase,High-Value Active Customers
18106.0,268,1,421.9,421.9,No Future Purchase,At-Risk / Inactive Customers
18108.0,193,1,271.0,271.0,No Future Purchase,At-Risk / Inactive Customers
18109.0,3,20,5535.87,276.7935,Future Purchase,High-Value Active Customers
18112.0,105,1,196.64,196.64,No Future Purchase,Recent Low-Value Customers
18113.0,307,1,76.32000000000001,76.32000000000001,No Future Purchase,At-Risk / Inactive Customers
18114.0,229,1,220.1,220.1,No Future Purchase,At-Risk / Inactive Customers
18116.0,6,8,1403.1100000000001,175.38875000000002,Future Purchase,Moderate Customers
18118.0,16,20,4416.58,220.829,Future Purchase,High-Value Active Customers
18119.0,306,1,180.7,180.7,No Future Purchase,At-Risk / Inactive Customers
18120.0,153,1,111.15,111.15,No Future Purchase,At-Risk / Inactive Customers
18121.0,88,2,653.3,326.65,No Future Purchase,At-Risk / Inactive Customers
18122.0,23,2,321.13,160.565,No Future Purchase,High-Value Active Customers
18125.0,140,3,933.9,311.3,Future Purchase,Moderate Customers
18127.0,72,1,139.6,139.6,No Future Purchase,Recent Low-Value Customers
18129.0,182,1,112.55000000000001,112.55000000000001,No Future Purchase,At-Risk / Inactive Customers
18133.0,151,1,931.4999999999999,931.4999999999999,No Future Purchase,At-Risk / Inactive Customers
18135.0,19,2,233.47,116.735,No Future Purchase,Moderate Customers
18136.0,2,3,784.33,261.4433333333333,Future Purchase,Moderate Customers
18138.0,234,1,152.65,152.65,No Future Purchase,At-Risk / Inactive Customers
18142.0,96,2,1019.52,509.76,No Future Purchase,Moderate Customers
18143.0,55,2,1000.16,500.08,No Future Purchase,Moderate Customers
18144.0,17,10,2341.75,234.175,Future Purchase,High-Value Active Customers
18145.0,26,3,2103.25,701.0833333333334,Future Purchase,Moderate Customers
18146.0,79,2,160.35000000000002,80.17500000000001,No Future Purchase,At-Risk / Inactive Customers
18147.0,47,1,98.88,98.88,No Future Purchase,At-Risk / Inactive Customers
18149.0,154,2,549.68,274.84,No Future Purchase,Moderate Customers
18150.0,79,2,413.28,206.64,No Future Purchase,Recent Low-Value Customers
18151.0,73,2,653.35,326.675,No Future Purchase,At-Risk / Inactive Customers
18155.0,14,3,371.62,123.87333333333333,Future Purchase,At-Risk / Inactive Customers
18156.0,308,1,186.88,186.88,No Future Purchase,Recent Low-Value Customers
18158.0,27,1,343.8,343.8,No Future Purchase,Recent Low-Value Customers
18159.0,240,1,530.15,530.15,No Future Purchase,At-Risk / Inactive Customers
18160.0,139,1,318.55,318.55,No Future Purchase,Moderate Customers
18161.0,3,4,1156.69,289.1725,Future Purchase,Moderate Customers
18165.0,116,1,302.46000000000004,302.46000000000004,No Future Purchase,At-Risk / Inactive Customers
18167.0,44,1,498.48,498.48,No Future Purchase,Moderate Customers
18168.0,115,6,1160.04,193.34,No Future Purchase,Moderate Customers
18170.0,51,2,655.51,327.755,No Future Purchase,Moderate Customers
18171.0,38,4,994.3100000000001,248.57750000000001,Future Purchase,Moderate Customers
18172.0,17,14,6373.44,455.24571428571426,Future Purchase,High-Value Active Customers
18173.0,25,4,2106.84,526.71,Future Purchase,Moderate Customers
18176.0,297,1,476.35,476.35,No Future Purchase,At-Risk / Inactive Customers
18177.0,96,5,1037.27,207.454,Future Purchase,Moderate Customers
18178.0,67,4,1590.81,397.7025,Future Purchase,Moderate Customers
18179.0,191,4,1103.16,275.79,Future Purchase,High-Value Active Customers
18180.0,19,4,1206.36,301.59,Future Purchase,High-Value Active Customers
18183.0,166,2,632.07,316.035,No Future Purchase,At-Risk / Inactive Customers
18185.0,188,1,304.25,304.25,No Future Purchase,At-Risk / Inactive Customers
18188.0,16,2,1608.28,804.14,Future Purchase,Moderate Customers
18189.0,16,2,1090.24,545.12,No Future Purchase,Moderate Customers
18190.0,131,2,284.46000000000004,142.23000000000002,No Future Purchase,At-Risk / Inactive Customers
18191.0,200,1,207.79999999999998,207.79999999999998,No Future Purchase,At-Risk / Inactive Customers
18192.0,10,1,957.97,957.97,No Future Purchase,At-Risk / Inactive Customers
18193.0,104,1,243.76,243.76,No Future Purchase,At-Risk / Inactive Customers
18194.0,21,1,973.8399999999999,973.8399999999999,No Future Purchase,At-Risk / Inactive Customers
18196.0,34,2,686.63,343.315,No Future Purchase,At-Risk / Inactive Customers
18198.0,10,15,4804.030000000001,320.2686666666667,Future Purchase,High-Value Active Customers
18200.0,45,1,150.35,150.35,No Future Purchase,At-Risk / Inactive Customers
18202.0,138,3,1396.99,465.66333333333336,Future Purchase,Moderate Customers
18203.0,96,1,160.42000000000002,160.42000000000002,No Future Purchase,At-Risk / Inactive Customers
18204.0,10,3,1975.35,658.4499999999999,Future Purchase,Moderate Customers
18205.0,13,1,225.76,225.76,No Future Purchase,Recent Low-Value Customers
18210.0,206,1,142.4,142.4,No Future Purchase,High-Value Active Customers
18211.0,24,3,420.2,140.06666666666666,Future Purchase,Moderate Customers
18212.0,265,1,216.07,216.07,No Future Purchase,At-Risk / Inactive Customers
18213.0,175,1,232.48000000000002,232.48000000000002,No Future Purchase,At-Risk / Inactive Customers
18215.0,28,1,299.34000000000003,299.34000000000003,No Future Purchase,At-Risk / Inactive Customers
18217.0,9,1,317.90000000000003,317.90000000000003,No Future Purchase,Recent Low-Value Customers
18218.0,150,2,641.92,320.96,No Future Purchase,At-Risk / Inactive Customers
18219.0,88,8,1367.13,170.89125,Future Purchase,High-Value Active Customers
18220.0,165,1,305.28000000000003,305.28000000000003,No Future Purchase,At-Risk / Inactive Customers
18221.0,3,4,878.66,219.665,Future Purchase,Moderate Customers
18222.0,31,1,443.0,443.0,No Future Purchase,At-Risk / Inactive Customers
18223.0,4,12,4516.77,376.39750000000004,Future Purchase,High-Value Active Customers
18224.0,202,1,158.95000000000002,158.95000000000002,No Future Purchase,At-Risk / Inactive Customers
18225.0,23,8,3918.96,489.87,Future Purchase,High-Value Active Customers
18226.0,20,10,4735.55,473.555,Future Purchase,High-Value Active Customers
18227.0,156,1,93.75,93.75,No Future Purchase,At-Risk / Inactive Customers
18228.0,18,1,420.39,420.39,No Future Purchase,Moderate Customers
18229.0,9,16,5852.86,365.80375,Future Purchase,High-Value Active Customers
18230.0,33,5,2146.36,429.27200000000005,Future Purchase,High-Value Active Customers
18231.0,131,5,2071.77,414.354,No Future Purchase,Moderate Customers
18232.0,20,4,592.97,148.2425,Future Purchase,Moderate Customers
18233.0,264,1,440.0,440.0,No Future Purchase,At-Risk / Inactive Customers
18235.0,10,3,1796.48,598.8266666666667,Future Purchase,Moderate Customers
18236.0,18,5,773.74,154.748,Future Purchase,Moderate Customers
18237.0,4,4,861.35,215.3375,Future Purchase,Recent Low-Value Customers
18239.0,157,5,1561.6100000000001,312.322,No Future Purchase,Moderate Customers
18241.0,13,13,1643.92,126.45538461538462,Future Purchase,High-Value Active Customers
18242.0,11,4,2232.4900000000002,558.1225000000001,Future Purchase,Moderate Customers
18245.0,88,6,1672.81,278.8016666666667,Future Purchase,High-Value Active Customers
18246.0,172,1,232.9,232.9,No Future Purchase,Recent Low-Value Customers
18248.0,61,2,804.02,402.01,No Future Purchase,Moderate Customers
18250.0,249,1,349.27,349.27,No Future Purchase,At-Risk / Inactive Customers
18251.0,26,1,4314.72,4314.72,No Future Purchase,Moderate Customers
18252.0,110,1,69.89999999999999,69.89999999999999,No Future Purchase,Recent Low-Value Customers
18255.0,28,1,103.3,103.3,No Future Purchase,At-Risk / Inactive Customers
18257.0,6,7,2095.25,299.32142857142856,Future Purchase,Moderate Customers
18259.0,24,2,1268.2,634.1,Future Purchase,Moderate Customers
18260.0,111,6,2628.35,438.05833333333334,Future Purchase,Moderate Customers
18261.0,34,1,224.8,224.8,No Future Purchase,Recent Low-Value Customers
18262.0,79,1,149.48,149.48,No Future Purchase,At-Risk / Inactive Customers
18263.0,94,2,811.4,405.7,No Future Purchase,Moderate Customers
18265.0,11,2,801.51,400.755,No Future Purchase,Moderate Customers
18268.0,73,1,25.5,25.5,No Future Purchase,At-Risk / Inactive Customers
18269.0,305,1,168.6,168.6,No Future Purchase,At-Risk / Inactive Customers
18270.0,205,1,111.95,111.95,No Future Purchase,Recent Low-Value Customers
18272.0,52,4,2106.45,526.6125,Future Purchase,High-Value Active Customers
18273.0,34,2,153.0,76.5,No Future Purchase,Recent Low-Value Customers
18278.0,12,1,173.9,173.9,No Future Purchase,At-Risk / Inactive Customers
18280.0,216,1,180.60000000000002,180.60000000000002,No Future Purchase,At-Risk / Inactive Customers
18281.0,119,1,80.82,80.82,No Future Purchase,At-Risk / Inactive Customers
18282.0,65,1,100.21000000000001,100.21000000000001,No Future Purchase,Recent Low-Value Customers
18283.0,34,10,1086.83,108.68299999999999,Future Purchase,High-Value Active Customers
18287.0,140,1,765.28,765.28,No Future Purchase,Moderate Customers
